[{"model": "contenttypes.contenttype", "pk": 1, "fields": {"app_label": "auth", "model": "permission"}}, {"model": "contenttypes.contenttype", "pk": 2, "fields": {"app_label": "auth", "model": "group"}}, {"model": "contenttypes.contenttype", "pk": 3, "fields": {"app_label": "auth", "model": "user"}}, {"model": "contenttypes.contenttype", "pk": 4, "fields": {"app_label": "contenttypes", "model": "contenttype"}}, {"model": "contenttypes.contenttype", "pk": 5, "fields": {"app_label": "sessions", "model": "session"}}, {"model": "contenttypes.contenttype", "pk": 6, "fields": {"app_label": "sites", "model": "site"}}, {"model": "contenttypes.contenttype", "pk": 7, "fields": {"app_label": "admin", "model": "logentry"}}, {"model": "contenttypes.contenttype", "pk": 8, "fields": {"app_label": "coins", "model": "coin"}}, {"model": "contenttypes.contenttype", "pk": 9, "fields": {"app_label": "coins", "model": "coinchange"}}, {"model": "contenttypes.contenttype", "pk": 10, "fields": {"app_label": "people", "model": "account"}}, {"model": "contenttypes.contenttype", "pk": 11, "fields": {"app_label": "people", "model": "userprofile"}}, {"model": "contenttypes.contenttype", "pk": 12, "fields": {"app_label": "exchanges", "model": "exchange"}}, {"model": "contenttypes.contenttype", "pk": 13, "fields": {"app_label": "exchanges", "model": "exchangecoin"}}, {"model": "contenttypes.contenttype", "pk": 14, "fields": {"app_label": "exchanges", "model": "price"}}, {"model": "contenttypes.contenttype", "pk": 15, "fields": {"app_label": "transactions", "model": "transaction"}}, {"model": "contenttypes.contenttype", "pk": 16, "fields": {"app_label": "transactions", "model": "transactionmethod"}}, {"model": "sessions.session", "pk": "wvqxq43owks839shdv0tz3wfagd636rh", "fields": {"session_data": "YjRlZTVhOTgzNWNlNmM3NDY2MjAyNjJjNjAyZWQwMTFjNWM2Nzg0Yjp7Il9hdXRoX3VzZXJfaWQiOiIxIiwiX2F1dGhfdXNlcl9iYWNrZW5kIjoiZGphbmdvLmNvbnRyaWIuYXV0aC5iYWNrZW5kcy5Nb2RlbEJhY2tlbmQiLCJfYXV0aF91c2VyX2hhc2giOiJhZDkyMWFhMjQzNzcyODQ0MmQ4MjEzMDBlMDRiY2UxNjFkMGZlZTI5In0=", "expire_date": "2018-06-11T15:26:44.050Z"}}, {"model": "sessions.session", "pk": "zvdon6xydiix56q4kahp3jdkqw7tza00", "fields": {"session_data": "YjRlZTVhOTgzNWNlNmM3NDY2MjAyNjJjNjAyZWQwMTFjNWM2Nzg0Yjp7Il9hdXRoX3VzZXJfaWQiOiIxIiwiX2F1dGhfdXNlcl9iYWNrZW5kIjoiZGphbmdvLmNvbnRyaWIuYXV0aC5iYWNrZW5kcy5Nb2RlbEJhY2tlbmQiLCJfYXV0aF91c2VyX2hhc2giOiJhZDkyMWFhMjQzNzcyODQ0MmQ4MjEzMDBlMDRiY2UxNjFkMGZlZTI5In0=", "expire_date": "2018-06-13T16:24:33.328Z"}}, {"model": "sites.site", "pk": 1, "fields": {"domain": "example.com", "name": "example.com"}}, {"model": "coins.coin", "pk": 1, "fields": {"name": "Ethereum", "key": "ETH"}}, {"model": "coins.coin", "pk": 2, "fields": {"name": "Euro", "key": "EUR"}}, {"model": "coins.coin", "pk": 3, "fields": {"name": "Bitcoin", "key": "BTC"}}, {"model": "coins.coin", "pk": 4, "fields": {"name": "Wanchain", "key": "WAN"}}, {"model": "coins.coin", "pk": 5, "fields": {"name": "Neo", "key": "NEO"}}, {"model": "coins.coin", "pk": 6, "fields": {"name": "Bluzelle", "key": "BLZ"}}, {"model": "coins.coin", "pk": 7, "fields": {"name": "Quantstamp", "key": "QSP"}}, {"model": "coins.coin", "pk": 8, "fields": {"name": "Remme", "key": "REM"}}, {"model": "coins.coin", "pk": 9, "fields": {"name": "Havven", "key": "HAV"}}, {"model": "coins.coin", "pk": 10, "fields": {"name": "POA Network", "key": "POA"}}, {"model": "coins.coin", "pk": 11, "fields": {"name": "Aion", "key": "AION"}}, {"model": "coins.coin", "pk": 12, "fields": {"name": "Lendingblock", "key": "LND"}}, {"model": "coins.coin", "pk": 13, "fields": {"name": "Oax", "key": "OAX"}}, {"model": "coins.coinchange", "pk": 1, "fields": {"coin": 1, "coin_to_change": 2}}, {"model": "coins.coinchange", "pk": 2, "fields": {"coin": 3, "coin_to_change": 2}}, {"model": "coins.coinchange", "pk": 3, "fields": {"coin": 1, "coin_to_change": 3}}, {"model": "coins.coinchange", "pk": 4, "fields": {"coin": 2, "coin_to_change": null}}, {"model": "coins.coinchange", "pk": 5, "fields": {"coin": 4, "coin_to_change": 1}}, {"model": "coins.coinchange", "pk": 6, "fields": {"coin": 6, "coin_to_change": 1}}, {"model": "coins.coinchange", "pk": 7, "fields": {"coin": 5, "coin_to_change": 1}}, {"model": "coins.coinchange", "pk": 8, "fields": {"coin": 7, "coin_to_change": 1}}, {"model": "coins.coinchange", "pk": 9, "fields": {"coin": 8, "coin_to_change": 1}}, {"model": "coins.coinchange", "pk": 10, "fields": {"coin": 9, "coin_to_change": 1}}, {"model": "coins.coinchange", "pk": 11, "fields": {"coin": 10, "coin_to_change": 3}}, {"model": "coins.coinchange", "pk": 12, "fields": {"coin": 11, "coin_to_change": 1}}, {"model": "coins.coinchange", "pk": 13, "fields": {"coin": 12, "coin_to_change": 1}}, {"model": "coins.coinchange", "pk": 14, "fields": {"coin": 13, "coin_to_change": 3}}, {"model": "exchanges.exchange", "pk": 1, "fields": {"name": "GDAX", "url": "gdax.com"}}, {"model": "exchanges.exchange", "pk": 2, "fields": {"name": "Fund", "url": "fund.com"}}, {"model": "exchanges.exchange", "pk": 3, "fields": {"name": "ICO", "url": "ico.com"}}, {"model": "exchanges.exchange", "pk": 4, "fields": {"name": "Binance", "url": "binance.com"}}, {"model": "exchanges.exchange", "pk": 5, "fields": {"name": "Kucoin", "url": "kucoin.com"}}, {"model": "exchanges.exchangecoin", "pk": 1, "fields": {"api": "gdax.com/api/eth-eur", "coin_change": 1, "exchange": 1}}, {"model": "exchanges.exchangecoin", "pk": 2, "fields": {"api": "gdax.com/api/btc-eur", "coin_change": 2, "exchange": 1}}, {"model": "exchanges.exchangecoin", "pk": 3, "fields": {"api": "gdax.com/api/btc-eth", "coin_change": 3, "exchange": 1}}, {"model": "exchanges.exchangecoin", "pk": 4, "fields": {"api": "fund.com/eur", "coin_change": 4, "exchange": 2}}, {"model": "exchanges.exchangecoin", "pk": 5, "fields": {"api": "WANETH", "coin_change": 5, "exchange": 4}}, {"model": "exchanges.exchangecoin", "pk": 6, "fields": {"api": "binance.blz", "coin_change": 6, "exchange": 4}}, {"model": "exchanges.exchangecoin", "pk": 7, "fields": {"api": "binance.neo", "coin_change": 7, "exchange": 4}}, {"model": "exchanges.exchangecoin", "pk": 8, "fields": {"api": "binance.qsp", "coin_change": 8, "exchange": 4}}, {"model": "exchanges.exchangecoin", "pk": 9, "fields": {"api": "binance.poa", "coin_change": 11, "exchange": 4}}, {"model": "exchanges.exchangecoin", "pk": 10, "fields": {"api": "binance.oax", "coin_change": 14, "exchange": 4}}, {"model": "exchanges.price", "pk": 29, "fields": {"exchange_coin": 1, "value": "467.00000000", "date": "2018-05-29T11:12:01.666Z"}}, {"model": "exchanges.price", "pk": 30, "fields": {"exchange_coin": 2, "value": "6320.96000000", "date": "2018-05-29T11:12:02.271Z"}}, {"model": "exchanges.price", "pk": 31, "fields": {"exchange_coin": 1, "value": "466.40000000", "date": "2018-05-29T11:14:01.499Z"}}, {"model": "exchanges.price", "pk": 32, "fields": {"exchange_coin": 2, "value": "6312.88000000", "date": "2018-05-29T11:14:02.234Z"}}, {"model": "exchanges.price", "pk": 33, "fields": {"exchange_coin": 1, "value": "465.45000000", "date": "2018-05-29T11:16:01.691Z"}}, {"model": "exchanges.price", "pk": 34, "fields": {"exchange_coin": 2, "value": "6312.99000000", "date": "2018-05-29T11:16:02.351Z"}}, {"model": "exchanges.price", "pk": 35, "fields": {"exchange_coin": 1, "value": "465.75000000", "date": "2018-05-29T11:18:01.863Z"}}, {"model": "exchanges.price", "pk": 36, "fields": {"exchange_coin": 2, "value": "6325.84000000", "date": "2018-05-29T11:18:02.467Z"}}, {"model": "exchanges.price", "pk": 37, "fields": {"exchange_coin": 1, "value": "467.62000000", "date": "2018-05-29T11:20:01.254Z"}}, {"model": "exchanges.price", "pk": 38, "fields": {"exchange_coin": 2, "value": "6328.77000000", "date": "2018-05-29T11:20:01.828Z"}}, {"model": "exchanges.price", "pk": 39, "fields": {"exchange_coin": 1, "value": "468.01000000", "date": "2018-05-29T11:22:02.235Z"}}, {"model": "exchanges.price", "pk": 40, "fields": {"exchange_coin": 2, "value": "6333.96000000", "date": "2018-05-29T11:22:02.910Z"}}, {"model": "exchanges.price", "pk": 41, "fields": {"exchange_coin": 1, "value": "468.57000000", "date": "2018-05-29T11:24:02.181Z"}}, {"model": "exchanges.price", "pk": 42, "fields": {"exchange_coin": 2, "value": "6331.99000000", "date": "2018-05-29T11:24:02.779Z"}}, {"model": "exchanges.price", "pk": 43, "fields": {"exchange_coin": 3, "value": "0.07379000", "date": "2018-05-29T11:24:03.350Z"}}, {"model": "exchanges.price", "pk": 44, "fields": {"exchange_coin": 1, "value": "468.58000000", "date": "2018-05-29T11:26:01.608Z"}}, {"model": "exchanges.price", "pk": 45, "fields": {"exchange_coin": 2, "value": "6333.38000000", "date": "2018-05-29T11:26:02.193Z"}}, {"model": "exchanges.price", "pk": 46, "fields": {"exchange_coin": 3, "value": "0.07387000", "date": "2018-05-29T11:26:02.838Z"}}, {"model": "exchanges.price", "pk": 47, "fields": {"exchange_coin": 1, "value": "476.14000000", "date": "2018-05-29T11:30:01.126Z"}}, {"model": "exchanges.price", "pk": 48, "fields": {"exchange_coin": 2, "value": "6430.81000000", "date": "2018-05-29T11:30:01.742Z"}}, {"model": "exchanges.price", "pk": 49, "fields": {"exchange_coin": 3, "value": "0.07381000", "date": "2018-05-29T11:30:02.329Z"}}, {"model": "exchanges.price", "pk": 50, "fields": {"exchange_coin": 1, "value": "479.07000000", "date": "2018-05-29T12:00:01.478Z"}}, {"model": "exchanges.price", "pk": 51, "fields": {"exchange_coin": 2, "value": "6406.36000000", "date": "2018-05-29T12:00:02.085Z"}}, {"model": "exchanges.price", "pk": 52, "fields": {"exchange_coin": 3, "value": "0.07469000", "date": "2018-05-29T12:00:02.698Z"}}, {"model": "exchanges.price", "pk": 53, "fields": {"exchange_coin": 1, "value": "480.00000000", "date": "2018-05-29T12:30:01.814Z"}}, {"model": "exchanges.price", "pk": 54, "fields": {"exchange_coin": 2, "value": "6407.08000000", "date": "2018-05-29T12:30:02.428Z"}}, {"model": "exchanges.price", "pk": 55, "fields": {"exchange_coin": 3, "value": "0.07481000", "date": "2018-05-29T12:30:03.042Z"}}, {"model": "exchanges.price", "pk": 56, "fields": {"exchange_coin": 1, "value": "482.84000000", "date": "2018-05-29T13:00:01.465Z"}}, {"model": "exchanges.price", "pk": 57, "fields": {"exchange_coin": 2, "value": "6413.33000000", "date": "2018-05-29T13:00:02.108Z"}}, {"model": "exchanges.price", "pk": 58, "fields": {"exchange_coin": 3, "value": "0.07527000", "date": "2018-05-29T13:00:02.698Z"}}, {"model": "exchanges.price", "pk": 59, "fields": {"exchange_coin": 1, "value": "491.80000000", "date": "2018-05-29T13:30:01.149Z"}}, {"model": "exchanges.price", "pk": 60, "fields": {"exchange_coin": 2, "value": "6452.01000000", "date": "2018-05-29T13:30:01.752Z"}}, {"model": "exchanges.price", "pk": 61, "fields": {"exchange_coin": 3, "value": "0.07616000", "date": "2018-05-29T13:30:02.412Z"}}, {"model": "exchanges.price", "pk": 62, "fields": {"exchange_coin": 1, "value": "490.92000000", "date": "2018-05-29T14:00:01.504Z"}}, {"model": "exchanges.price", "pk": 63, "fields": {"exchange_coin": 2, "value": "6452.01000000", "date": "2018-05-29T14:00:02.117Z"}}, {"model": "exchanges.price", "pk": 64, "fields": {"exchange_coin": 3, "value": "0.07599000", "date": "2018-05-29T14:00:02.742Z"}}, {"model": "exchanges.price", "pk": 65, "fields": {"exchange_coin": 1, "value": "481.87000000", "date": "2018-05-29T14:30:01.076Z"}}, {"model": "exchanges.price", "pk": 66, "fields": {"exchange_coin": 2, "value": "6415.72000000", "date": "2018-05-29T14:30:01.715Z"}}, {"model": "exchanges.price", "pk": 67, "fields": {"exchange_coin": 3, "value": "0.07519000", "date": "2018-05-29T14:30:02.310Z"}}, {"model": "exchanges.price", "pk": 68, "fields": {"exchange_coin": 1, "value": "481.99000000", "date": "2018-05-29T15:00:03.015Z"}}, {"model": "exchanges.price", "pk": 69, "fields": {"exchange_coin": 2, "value": "6435.02000000", "date": "2018-05-29T15:00:05.786Z"}}, {"model": "exchanges.price", "pk": 70, "fields": {"exchange_coin": 3, "value": "0.07508000", "date": "2018-05-29T15:00:07.627Z"}}, {"model": "exchanges.price", "pk": 71, "fields": {"exchange_coin": 1, "value": "489.56000000", "date": "2018-05-30T14:42:01.803Z"}}, {"model": "exchanges.price", "pk": 72, "fields": {"exchange_coin": 2, "value": "6477.50000000", "date": "2018-05-30T14:42:02.407Z"}}, {"model": "exchanges.price", "pk": 73, "fields": {"exchange_coin": 3, "value": "0.07562000", "date": "2018-05-30T14:42:03.031Z"}}, {"model": "exchanges.price", "pk": 74, "fields": {"exchange_coin": 1, "value": "489.57000000", "date": "2018-05-30T14:44:02.023Z"}}, {"model": "exchanges.price", "pk": 75, "fields": {"exchange_coin": 2, "value": "6474.99000000", "date": "2018-05-30T14:44:03.562Z"}}, {"model": "exchanges.price", "pk": 76, "fields": {"exchange_coin": 3, "value": "0.07562000", "date": "2018-05-30T14:44:05.471Z"}}, {"model": "exchanges.price", "pk": 77, "fields": {"exchange_coin": 1, "value": "486.92000000", "date": "2018-05-30T14:46:01.837Z"}}, {"model": "exchanges.price", "pk": 78, "fields": {"exchange_coin": 2, "value": "6428.00000000", "date": "2018-05-30T14:46:02.412Z"}}, {"model": "exchanges.price", "pk": 79, "fields": {"exchange_coin": 3, "value": "0.07553000", "date": "2018-05-30T14:46:02.984Z"}}, {"model": "exchanges.price", "pk": 80, "fields": {"exchange_coin": 1, "value": "483.00000000", "date": "2018-05-30T14:48:01.299Z"}}, {"model": "exchanges.price", "pk": 81, "fields": {"exchange_coin": 2, "value": "6428.83000000", "date": "2018-05-30T14:48:02.878Z"}}, {"model": "exchanges.price", "pk": 82, "fields": {"exchange_coin": 3, "value": "0.07517000", "date": "2018-05-30T14:48:04.414Z"}}, {"model": "exchanges.price", "pk": 83, "fields": {"exchange_coin": 1, "value": "482.20000000", "date": "2018-05-30T14:50:04.227Z"}}, {"model": "exchanges.price", "pk": 84, "fields": {"exchange_coin": 2, "value": "6425.75000000", "date": "2018-05-30T14:50:07.450Z"}}, {"model": "exchanges.price", "pk": 85, "fields": {"exchange_coin": 3, "value": "0.07506000", "date": "2018-05-30T14:50:10.779Z"}}, {"model": "exchanges.price", "pk": 86, "fields": {"exchange_coin": 1, "value": "482.40000000", "date": "2018-05-30T14:52:02.095Z"}}, {"model": "exchanges.price", "pk": 87, "fields": {"exchange_coin": 2, "value": "6428.79000000", "date": "2018-05-30T14:52:02.709Z"}}, {"model": "exchanges.price", "pk": 88, "fields": {"exchange_coin": 3, "value": "0.07506000", "date": "2018-05-30T14:52:03.324Z"}}, {"model": "exchanges.price", "pk": 89, "fields": {"exchange_coin": 1, "value": "482.39000000", "date": "2018-05-30T14:54:04.669Z"}}, {"model": "exchanges.price", "pk": 90, "fields": {"exchange_coin": 2, "value": "6420.59000000", "date": "2018-05-30T14:54:05.654Z"}}, {"model": "exchanges.price", "pk": 91, "fields": {"exchange_coin": 3, "value": "0.07512000", "date": "2018-05-30T14:54:09.318Z"}}, {"model": "exchanges.price", "pk": 92, "fields": {"exchange_coin": 1, "value": "476.95000000", "date": "2018-05-30T14:56:01.247Z"}}, {"model": "exchanges.price", "pk": 93, "fields": {"exchange_coin": 2, "value": "6371.42000000", "date": "2018-05-30T14:56:01.925Z"}}, {"model": "exchanges.price", "pk": 94, "fields": {"exchange_coin": 3, "value": "0.07497000", "date": "2018-05-30T14:56:02.137Z"}}, {"model": "exchanges.price", "pk": 95, "fields": {"exchange_coin": 1, "value": "475.06000000", "date": "2018-05-30T14:58:02.513Z"}}, {"model": "exchanges.price", "pk": 96, "fields": {"exchange_coin": 2, "value": "6367.29000000", "date": "2018-05-30T14:58:04.090Z"}}, {"model": "exchanges.price", "pk": 97, "fields": {"exchange_coin": 3, "value": "0.07487000", "date": "2018-05-30T14:58:06.447Z"}}, {"model": "exchanges.price", "pk": 98, "fields": {"exchange_coin": 1, "value": "477.89000000", "date": "2018-05-30T15:00:01.753Z"}}, {"model": "exchanges.price", "pk": 99, "fields": {"exchange_coin": 2, "value": "6376.05000000", "date": "2018-05-30T15:00:02.779Z"}}, {"model": "exchanges.price", "pk": 100, "fields": {"exchange_coin": 3, "value": "0.07495000", "date": "2018-05-30T15:00:03.421Z"}}, {"model": "exchanges.price", "pk": 101, "fields": {"exchange_coin": 1, "value": "475.55000000", "date": "2018-05-30T15:02:02.796Z"}}, {"model": "exchanges.price", "pk": 102, "fields": {"exchange_coin": 2, "value": "6348.49000000", "date": "2018-05-30T15:02:04.229Z"}}, {"model": "exchanges.price", "pk": 103, "fields": {"exchange_coin": 3, "value": "0.07495000", "date": "2018-05-30T15:02:05.048Z"}}, {"model": "exchanges.price", "pk": 104, "fields": {"exchange_coin": 1, "value": "473.20000000", "date": "2018-05-30T15:04:01.277Z"}}, {"model": "exchanges.price", "pk": 105, "fields": {"exchange_coin": 2, "value": "6332.34000000", "date": "2018-05-30T15:04:01.883Z"}}, {"model": "exchanges.price", "pk": 106, "fields": {"exchange_coin": 3, "value": "0.07480000", "date": "2018-05-30T15:04:02.455Z"}}, {"model": "exchanges.price", "pk": 107, "fields": {"exchange_coin": 1, "value": "473.03000000", "date": "2018-05-30T15:06:02.555Z"}}, {"model": "exchanges.price", "pk": 108, "fields": {"exchange_coin": 2, "value": "6349.00000000", "date": "2018-05-30T15:06:02.792Z"}}, {"model": "exchanges.price", "pk": 109, "fields": {"exchange_coin": 3, "value": "0.07494000", "date": "2018-05-30T15:06:03.355Z"}}, {"model": "exchanges.price", "pk": 110, "fields": {"exchange_coin": 1, "value": "476.00000000", "date": "2018-05-30T15:08:02.023Z"}}, {"model": "exchanges.price", "pk": 111, "fields": {"exchange_coin": 2, "value": "6342.83000000", "date": "2018-05-30T15:08:02.670Z"}}, {"model": "exchanges.price", "pk": 112, "fields": {"exchange_coin": 3, "value": "0.07501000", "date": "2018-05-30T15:08:02.887Z"}}, {"model": "exchanges.price", "pk": 113, "fields": {"exchange_coin": 1, "value": "475.33000000", "date": "2018-05-30T15:12:05.950Z"}}, {"model": "exchanges.price", "pk": 114, "fields": {"exchange_coin": 2, "value": "6342.02000000", "date": "2018-05-30T15:12:08.612Z"}}, {"model": "exchanges.price", "pk": 115, "fields": {"exchange_coin": 3, "value": "0.07501000", "date": "2018-05-30T15:12:10.598Z"}}, {"model": "exchanges.price", "pk": 116, "fields": {"exchange_coin": 1, "value": "474.59000000", "date": "2018-05-30T15:14:01.973Z"}}, {"model": "exchanges.price", "pk": 117, "fields": {"exchange_coin": 2, "value": "6342.00000000", "date": "2018-05-30T15:14:02.587Z"}}, {"model": "exchanges.price", "pk": 118, "fields": {"exchange_coin": 3, "value": "0.07489000", "date": "2018-05-30T15:14:03.202Z"}}, {"model": "exchanges.price", "pk": 119, "fields": {"exchange_coin": 1, "value": "473.00000000", "date": "2018-05-30T15:16:04.345Z"}}, {"model": "exchanges.price", "pk": 120, "fields": {"exchange_coin": 2, "value": "6330.00000000", "date": "2018-05-30T15:16:06.188Z"}}, {"model": "exchanges.price", "pk": 121, "fields": {"exchange_coin": 3, "value": "0.07480000", "date": "2018-05-30T15:16:09.232Z"}}, {"model": "exchanges.price", "pk": 122, "fields": {"exchange_coin": 1, "value": "471.39000000", "date": "2018-05-30T15:18:04.359Z"}}, {"model": "exchanges.price", "pk": 123, "fields": {"exchange_coin": 2, "value": "6317.16000000", "date": "2018-05-30T15:18:05.788Z"}}, {"model": "exchanges.price", "pk": 124, "fields": {"exchange_coin": 3, "value": "0.07484000", "date": "2018-05-30T15:18:07.939Z"}}, {"model": "exchanges.price", "pk": 125, "fields": {"exchange_coin": 1, "value": "472.30000000", "date": "2018-05-30T15:20:03.040Z"}}, {"model": "exchanges.price", "pk": 126, "fields": {"exchange_coin": 2, "value": "6318.72000000", "date": "2018-05-30T15:20:03.672Z"}}, {"model": "exchanges.price", "pk": 127, "fields": {"exchange_coin": 3, "value": "0.07486000", "date": "2018-05-30T15:20:04.420Z"}}, {"model": "exchanges.price", "pk": 128, "fields": {"exchange_coin": 1, "value": "473.10000000", "date": "2018-05-30T15:22:02.483Z"}}, {"model": "exchanges.price", "pk": 129, "fields": {"exchange_coin": 2, "value": "6318.71000000", "date": "2018-05-30T15:22:03.060Z"}}, {"model": "exchanges.price", "pk": 130, "fields": {"exchange_coin": 3, "value": "0.07501000", "date": "2018-05-30T15:22:03.670Z"}}, {"model": "exchanges.price", "pk": 131, "fields": {"exchange_coin": 1, "value": "473.59000000", "date": "2018-05-30T15:24:03.378Z"}}, {"model": "exchanges.price", "pk": 132, "fields": {"exchange_coin": 2, "value": "6335.02000000", "date": "2018-05-30T15:24:03.590Z"}}, {"model": "exchanges.price", "pk": 133, "fields": {"exchange_coin": 3, "value": "0.07495000", "date": "2018-05-30T15:24:04.595Z"}}, {"model": "exchanges.price", "pk": 134, "fields": {"exchange_coin": 1, "value": "473.60000000", "date": "2018-05-30T15:26:01.865Z"}}, {"model": "exchanges.price", "pk": 135, "fields": {"exchange_coin": 2, "value": "6328.32000000", "date": "2018-05-30T15:26:02.471Z"}}, {"model": "exchanges.price", "pk": 136, "fields": {"exchange_coin": 3, "value": "0.07496000", "date": "2018-05-30T15:26:03.031Z"}}, {"model": "exchanges.price", "pk": 137, "fields": {"exchange_coin": 1, "value": "473.68000000", "date": "2018-05-30T15:28:01.973Z"}}, {"model": "exchanges.price", "pk": 138, "fields": {"exchange_coin": 2, "value": "6325.51000000", "date": "2018-05-30T15:28:02.558Z"}}, {"model": "exchanges.price", "pk": 139, "fields": {"exchange_coin": 3, "value": "0.07493000", "date": "2018-05-30T15:28:04.023Z"}}, {"model": "exchanges.price", "pk": 140, "fields": {"exchange_coin": 1, "value": "476.56000000", "date": "2018-05-30T15:30:01.272Z"}}, {"model": "exchanges.price", "pk": 141, "fields": {"exchange_coin": 2, "value": "6325.52000000", "date": "2018-05-30T15:30:01.863Z"}}, {"model": "exchanges.price", "pk": 142, "fields": {"exchange_coin": 3, "value": "0.07523000", "date": "2018-05-30T15:30:02.456Z"}}, {"model": "exchanges.price", "pk": 143, "fields": {"exchange_coin": 1, "value": "476.32000000", "date": "2018-05-30T15:32:03.952Z"}}, {"model": "exchanges.price", "pk": 144, "fields": {"exchange_coin": 2, "value": "6334.16000000", "date": "2018-05-30T15:32:06.196Z"}}, {"model": "exchanges.price", "pk": 145, "fields": {"exchange_coin": 3, "value": "0.07532000", "date": "2018-05-30T15:32:08.253Z"}}, {"model": "exchanges.price", "pk": 146, "fields": {"exchange_coin": 1, "value": "476.31000000", "date": "2018-05-30T15:34:03.967Z"}}, {"model": "exchanges.price", "pk": 147, "fields": {"exchange_coin": 2, "value": "6328.87000000", "date": "2018-05-30T15:34:06.592Z"}}, {"model": "exchanges.price", "pk": 148, "fields": {"exchange_coin": 3, "value": "0.07533000", "date": "2018-05-30T15:34:09.907Z"}}, {"model": "exchanges.price", "pk": 149, "fields": {"exchange_coin": 1, "value": "477.78000000", "date": "2018-05-30T15:36:01.392Z"}}, {"model": "exchanges.price", "pk": 150, "fields": {"exchange_coin": 2, "value": "6332.41000000", "date": "2018-05-30T15:36:02.013Z"}}, {"model": "exchanges.price", "pk": 151, "fields": {"exchange_coin": 3, "value": "0.07541000", "date": "2018-05-30T15:36:02.651Z"}}, {"model": "exchanges.price", "pk": 152, "fields": {"exchange_coin": 1, "value": "477.36000000", "date": "2018-05-30T15:38:02.169Z"}}, {"model": "exchanges.price", "pk": 153, "fields": {"exchange_coin": 2, "value": "6332.40000000", "date": "2018-05-30T15:38:02.723Z"}}, {"model": "exchanges.price", "pk": 154, "fields": {"exchange_coin": 3, "value": "0.07530000", "date": "2018-05-30T15:38:03.325Z"}}, {"model": "exchanges.price", "pk": 155, "fields": {"exchange_coin": 1, "value": "475.90000000", "date": "2018-05-30T15:40:03.916Z"}}, {"model": "exchanges.price", "pk": 156, "fields": {"exchange_coin": 2, "value": "6332.00000000", "date": "2018-05-30T15:40:04.488Z"}}, {"model": "exchanges.price", "pk": 157, "fields": {"exchange_coin": 3, "value": "0.07520000", "date": "2018-05-30T15:40:05.144Z"}}, {"model": "exchanges.price", "pk": 158, "fields": {"exchange_coin": 1, "value": "475.08000000", "date": "2018-05-30T15:42:01.388Z"}}, {"model": "exchanges.price", "pk": 159, "fields": {"exchange_coin": 2, "value": "6331.00000000", "date": "2018-05-30T15:42:01.965Z"}}, {"model": "exchanges.price", "pk": 160, "fields": {"exchange_coin": 3, "value": "0.07529000", "date": "2018-05-30T15:42:02.558Z"}}, {"model": "exchanges.price", "pk": 161, "fields": {"exchange_coin": 1, "value": "475.09000000", "date": "2018-05-30T15:44:03.944Z"}}, {"model": "exchanges.price", "pk": 162, "fields": {"exchange_coin": 2, "value": "6324.71000000", "date": "2018-05-30T15:44:06.756Z"}}, {"model": "exchanges.price", "pk": 163, "fields": {"exchange_coin": 3, "value": "0.07517000", "date": "2018-05-30T15:44:10.086Z"}}, {"model": "exchanges.price", "pk": 164, "fields": {"exchange_coin": 1, "value": "475.00000000", "date": "2018-05-30T15:46:04.470Z"}}, {"model": "exchanges.price", "pk": 165, "fields": {"exchange_coin": 2, "value": "6324.98000000", "date": "2018-05-30T15:46:06.212Z"}}, {"model": "exchanges.price", "pk": 166, "fields": {"exchange_coin": 3, "value": "0.07508000", "date": "2018-05-30T15:46:08.207Z"}}, {"model": "exchanges.price", "pk": 167, "fields": {"exchange_coin": 1, "value": "475.00000000", "date": "2018-05-30T15:48:01.119Z"}}, {"model": "exchanges.price", "pk": 168, "fields": {"exchange_coin": 2, "value": "6330.00000000", "date": "2018-05-30T15:48:01.676Z"}}, {"model": "exchanges.price", "pk": 169, "fields": {"exchange_coin": 3, "value": "0.07510000", "date": "2018-05-30T15:48:02.333Z"}}, {"model": "exchanges.price", "pk": 170, "fields": {"exchange_coin": 1, "value": "475.50000000", "date": "2018-05-30T15:50:02.781Z"}}, {"model": "exchanges.price", "pk": 171, "fields": {"exchange_coin": 2, "value": "6330.05000000", "date": "2018-05-30T15:50:04.476Z"}}, {"model": "exchanges.price", "pk": 172, "fields": {"exchange_coin": 3, "value": "0.07513000", "date": "2018-05-30T15:50:05.069Z"}}, {"model": "exchanges.price", "pk": 173, "fields": {"exchange_coin": 1, "value": "474.88000000", "date": "2018-05-30T15:52:01.543Z"}}, {"model": "exchanges.price", "pk": 174, "fields": {"exchange_coin": 2, "value": "6328.02000000", "date": "2018-05-30T15:52:02.173Z"}}, {"model": "exchanges.price", "pk": 175, "fields": {"exchange_coin": 3, "value": "0.07513000", "date": "2018-05-30T15:52:02.747Z"}}, {"model": "exchanges.price", "pk": 176, "fields": {"exchange_coin": 1, "value": "474.38000000", "date": "2018-05-30T15:54:02.293Z"}}, {"model": "exchanges.price", "pk": 177, "fields": {"exchange_coin": 2, "value": "6301.00000000", "date": "2018-05-30T15:54:02.876Z"}}, {"model": "exchanges.price", "pk": 178, "fields": {"exchange_coin": 3, "value": "0.07515000", "date": "2018-05-30T15:54:03.503Z"}}, {"model": "exchanges.price", "pk": 179, "fields": {"exchange_coin": 1, "value": "472.91000000", "date": "2018-05-30T15:56:03.986Z"}}, {"model": "exchanges.price", "pk": 180, "fields": {"exchange_coin": 2, "value": "6313.59000000", "date": "2018-05-30T15:56:05.566Z"}}, {"model": "exchanges.price", "pk": 181, "fields": {"exchange_coin": 3, "value": "0.07500000", "date": "2018-05-30T15:56:08.029Z"}}, {"model": "exchanges.price", "pk": 182, "fields": {"exchange_coin": 1, "value": "471.99000000", "date": "2018-05-30T15:58:01.278Z"}}, {"model": "exchanges.price", "pk": 183, "fields": {"exchange_coin": 2, "value": "6312.69000000", "date": "2018-05-30T15:58:01.892Z"}}, {"model": "exchanges.price", "pk": 184, "fields": {"exchange_coin": 3, "value": "0.07492000", "date": "2018-05-30T15:58:02.119Z"}}, {"model": "exchanges.price", "pk": 185, "fields": {"exchange_coin": 1, "value": "471.19000000", "date": "2018-05-30T16:00:05.034Z"}}, {"model": "exchanges.price", "pk": 186, "fields": {"exchange_coin": 2, "value": "6304.12000000", "date": "2018-05-30T16:00:09.176Z"}}, {"model": "exchanges.price", "pk": 187, "fields": {"exchange_coin": 3, "value": "0.07487000", "date": "2018-05-30T16:00:13.367Z"}}, {"model": "exchanges.price", "pk": 188, "fields": {"exchange_coin": 1, "value": "470.78000000", "date": "2018-05-30T16:02:03.561Z"}}, {"model": "exchanges.price", "pk": 189, "fields": {"exchange_coin": 2, "value": "6300.99000000", "date": "2018-05-30T16:02:07.759Z"}}, {"model": "exchanges.price", "pk": 190, "fields": {"exchange_coin": 3, "value": "0.07494000", "date": "2018-05-30T16:02:09.908Z"}}, {"model": "exchanges.price", "pk": 191, "fields": {"exchange_coin": 1, "value": "472.46000000", "date": "2018-05-30T16:04:04.594Z"}}, {"model": "exchanges.price", "pk": 192, "fields": {"exchange_coin": 2, "value": "6301.00000000", "date": "2018-05-30T16:04:07.059Z"}}, {"model": "exchanges.price", "pk": 193, "fields": {"exchange_coin": 3, "value": "0.07511000", "date": "2018-05-30T16:04:08.238Z"}}, {"model": "exchanges.price", "pk": 194, "fields": {"exchange_coin": 1, "value": "473.57000000", "date": "2018-05-30T16:06:01.626Z"}}, {"model": "exchanges.price", "pk": 195, "fields": {"exchange_coin": 2, "value": "6318.85000000", "date": "2018-05-30T16:06:02.218Z"}}, {"model": "exchanges.price", "pk": 196, "fields": {"exchange_coin": 3, "value": "0.07512000", "date": "2018-05-30T16:06:02.875Z"}}, {"model": "exchanges.price", "pk": 197, "fields": {"exchange_coin": 1, "value": "475.00000000", "date": "2018-05-30T16:08:03.913Z"}}, {"model": "exchanges.price", "pk": 198, "fields": {"exchange_coin": 2, "value": "6315.96000000", "date": "2018-05-30T16:08:04.629Z"}}, {"model": "exchanges.price", "pk": 199, "fields": {"exchange_coin": 3, "value": "0.07512000", "date": "2018-05-30T16:08:06.986Z"}}, {"model": "exchanges.price", "pk": 200, "fields": {"exchange_coin": 1, "value": "473.89000000", "date": "2018-05-30T16:12:01.859Z"}}, {"model": "exchanges.price", "pk": 201, "fields": {"exchange_coin": 2, "value": "6315.96000000", "date": "2018-05-30T16:12:02.510Z"}}, {"model": "exchanges.price", "pk": 202, "fields": {"exchange_coin": 3, "value": "0.07509000", "date": "2018-05-30T16:12:03.075Z"}}, {"model": "exchanges.price", "pk": 203, "fields": {"exchange_coin": 1, "value": "473.85000000", "date": "2018-05-30T16:14:01.751Z"}}, {"model": "exchanges.price", "pk": 204, "fields": {"exchange_coin": 2, "value": "6316.00000000", "date": "2018-05-30T16:14:02.370Z"}}, {"model": "exchanges.price", "pk": 205, "fields": {"exchange_coin": 3, "value": "0.07500000", "date": "2018-05-30T16:14:03.119Z"}}, {"model": "exchanges.price", "pk": 206, "fields": {"exchange_coin": 1, "value": "470.50000000", "date": "2018-05-30T16:26:02.163Z"}}, {"model": "exchanges.price", "pk": 207, "fields": {"exchange_coin": 2, "value": "6318.81000000", "date": "2018-05-30T16:26:02.771Z"}}, {"model": "exchanges.price", "pk": 208, "fields": {"exchange_coin": 3, "value": "0.07450000", "date": "2018-05-30T16:26:03.357Z"}}, {"model": "exchanges.price", "pk": 209, "fields": {"exchange_coin": 1, "value": "469.40000000", "date": "2018-05-30T16:28:01.711Z"}}, {"model": "exchanges.price", "pk": 210, "fields": {"exchange_coin": 2, "value": "6300.01000000", "date": "2018-05-30T16:28:02.324Z"}}, {"model": "exchanges.price", "pk": 211, "fields": {"exchange_coin": 3, "value": "0.07446000", "date": "2018-05-30T16:28:02.939Z"}}, {"model": "exchanges.price", "pk": 212, "fields": {"exchange_coin": 1, "value": "467.00000000", "date": "2018-05-30T16:30:01.370Z"}}, {"model": "exchanges.price", "pk": 213, "fields": {"exchange_coin": 2, "value": "6300.73000000", "date": "2018-05-30T16:30:02.084Z"}}, {"model": "exchanges.price", "pk": 214, "fields": {"exchange_coin": 3, "value": "0.07431000", "date": "2018-05-30T16:30:02.952Z"}}, {"model": "exchanges.price", "pk": 215, "fields": {"exchange_coin": 1, "value": "470.77000000", "date": "2018-05-30T16:32:01.306Z"}}, {"model": "exchanges.price", "pk": 216, "fields": {"exchange_coin": 2, "value": "6306.18000000", "date": "2018-05-30T16:32:01.873Z"}}, {"model": "exchanges.price", "pk": 217, "fields": {"exchange_coin": 3, "value": "0.07462000", "date": "2018-05-30T16:32:02.559Z"}}, {"model": "exchanges.price", "pk": 218, "fields": {"exchange_coin": 1, "value": "471.30000000", "date": "2018-05-30T16:34:01.812Z"}}, {"model": "exchanges.price", "pk": 219, "fields": {"exchange_coin": 2, "value": "6310.50000000", "date": "2018-05-30T16:34:02.466Z"}}, {"model": "exchanges.price", "pk": 220, "fields": {"exchange_coin": 3, "value": "0.07466000", "date": "2018-05-30T16:34:03.105Z"}}, {"model": "exchanges.price", "pk": 221, "fields": {"exchange_coin": 1, "value": "471.33000000", "date": "2018-05-30T16:36:02.929Z"}}, {"model": "exchanges.price", "pk": 222, "fields": {"exchange_coin": 2, "value": "6309.99000000", "date": "2018-05-30T16:36:03.724Z"}}, {"model": "exchanges.price", "pk": 223, "fields": {"exchange_coin": 3, "value": "0.07473000", "date": "2018-05-30T16:36:04.973Z"}}, {"model": "exchanges.price", "pk": 224, "fields": {"exchange_coin": 1, "value": "470.39000000", "date": "2018-05-30T16:38:01.273Z"}}, {"model": "exchanges.price", "pk": 225, "fields": {"exchange_coin": 2, "value": "6310.01000000", "date": "2018-05-30T16:38:01.989Z"}}, {"model": "exchanges.price", "pk": 226, "fields": {"exchange_coin": 3, "value": "0.07484000", "date": "2018-05-30T16:38:02.604Z"}}, {"model": "exchanges.price", "pk": 227, "fields": {"exchange_coin": 1, "value": "467.00000000", "date": "2018-05-30T16:40:01.885Z"}}, {"model": "exchanges.price", "pk": 228, "fields": {"exchange_coin": 2, "value": "6288.36000000", "date": "2018-05-30T16:40:02.101Z"}}, {"model": "exchanges.price", "pk": 229, "fields": {"exchange_coin": 3, "value": "0.07456000", "date": "2018-05-30T16:40:02.713Z"}}, {"model": "exchanges.price", "pk": 230, "fields": {"exchange_coin": 1, "value": "466.10000000", "date": "2018-05-30T16:42:02.120Z"}}, {"model": "exchanges.price", "pk": 231, "fields": {"exchange_coin": 2, "value": "6261.17000000", "date": "2018-05-30T16:42:02.736Z"}}, {"model": "exchanges.price", "pk": 232, "fields": {"exchange_coin": 3, "value": "0.07469000", "date": "2018-05-30T16:42:03.313Z"}}, {"model": "exchanges.price", "pk": 233, "fields": {"exchange_coin": 1, "value": "466.37000000", "date": "2018-05-30T16:48:01.823Z"}}, {"model": "exchanges.price", "pk": 234, "fields": {"exchange_coin": 2, "value": "6276.49000000", "date": "2018-05-30T16:48:02.506Z"}}, {"model": "exchanges.price", "pk": 235, "fields": {"exchange_coin": 3, "value": "0.07461000", "date": "2018-05-30T16:48:03.323Z"}}, {"model": "exchanges.price", "pk": 236, "fields": {"exchange_coin": 1, "value": "467.86000000", "date": "2018-05-30T16:50:01.881Z"}}, {"model": "exchanges.price", "pk": 237, "fields": {"exchange_coin": 2, "value": "6289.33000000", "date": "2018-05-30T16:50:02.114Z"}}, {"model": "exchanges.price", "pk": 238, "fields": {"exchange_coin": 3, "value": "0.07473000", "date": "2018-05-30T16:50:02.930Z"}}, {"model": "exchanges.price", "pk": 239, "fields": {"exchange_coin": 1, "value": "467.86000000", "date": "2018-05-30T16:52:01.161Z"}}, {"model": "exchanges.price", "pk": 240, "fields": {"exchange_coin": 2, "value": "6291.26000000", "date": "2018-05-30T16:52:01.874Z"}}, {"model": "exchanges.price", "pk": 241, "fields": {"exchange_coin": 3, "value": "0.07456000", "date": "2018-05-30T16:52:02.535Z"}}, {"model": "exchanges.price", "pk": 242, "fields": {"exchange_coin": 1, "value": "467.86000000", "date": "2018-05-30T16:54:03.979Z"}}, {"model": "exchanges.price", "pk": 243, "fields": {"exchange_coin": 2, "value": "6278.87000000", "date": "2018-05-30T16:54:06.508Z"}}, {"model": "exchanges.price", "pk": 244, "fields": {"exchange_coin": 3, "value": "0.07473000", "date": "2018-05-30T16:54:08.044Z"}}, {"model": "exchanges.price", "pk": 245, "fields": {"exchange_coin": 1, "value": "467.85000000", "date": "2018-05-30T16:56:01.545Z"}}, {"model": "exchanges.price", "pk": 246, "fields": {"exchange_coin": 2, "value": "6277.00000000", "date": "2018-05-30T16:56:02.166Z"}}, {"model": "exchanges.price", "pk": 247, "fields": {"exchange_coin": 3, "value": "0.07473000", "date": "2018-05-30T16:56:02.774Z"}}, {"model": "exchanges.price", "pk": 248, "fields": {"exchange_coin": 1, "value": "466.38000000", "date": "2018-05-30T16:58:04.828Z"}}, {"model": "exchanges.price", "pk": 249, "fields": {"exchange_coin": 2, "value": "6288.98000000", "date": "2018-05-30T16:58:07.598Z"}}, {"model": "exchanges.price", "pk": 250, "fields": {"exchange_coin": 3, "value": "0.07455000", "date": "2018-05-30T16:58:11.668Z"}}, {"model": "exchanges.price", "pk": 251, "fields": {"exchange_coin": 1, "value": "466.38000000", "date": "2018-05-30T17:00:03.114Z"}}, {"model": "exchanges.price", "pk": 252, "fields": {"exchange_coin": 2, "value": "6288.98000000", "date": "2018-05-30T17:00:05.571Z"}}, {"model": "exchanges.price", "pk": 253, "fields": {"exchange_coin": 3, "value": "0.07456000", "date": "2018-05-30T17:00:06.435Z"}}, {"model": "exchanges.price", "pk": 254, "fields": {"exchange_coin": 1, "value": "466.38000000", "date": "2018-05-30T17:02:02.415Z"}}, {"model": "exchanges.price", "pk": 255, "fields": {"exchange_coin": 2, "value": "6278.52000000", "date": "2018-05-30T17:02:03.989Z"}}, {"model": "exchanges.price", "pk": 256, "fields": {"exchange_coin": 3, "value": "0.07453000", "date": "2018-05-30T17:02:05.639Z"}}, {"model": "exchanges.price", "pk": 257, "fields": {"exchange_coin": 1, "value": "466.37000000", "date": "2018-05-30T17:04:01.844Z"}}, {"model": "exchanges.price", "pk": 258, "fields": {"exchange_coin": 2, "value": "6275.00000000", "date": "2018-05-30T17:04:02.443Z"}}, {"model": "exchanges.price", "pk": 259, "fields": {"exchange_coin": 3, "value": "0.07443000", "date": "2018-05-30T17:04:03.044Z"}}, {"model": "exchanges.price", "pk": 260, "fields": {"exchange_coin": 1, "value": "465.04000000", "date": "2018-05-30T17:06:02.242Z"}}, {"model": "exchanges.price", "pk": 261, "fields": {"exchange_coin": 2, "value": "6274.02000000", "date": "2018-05-30T17:06:03.471Z"}}, {"model": "exchanges.price", "pk": 262, "fields": {"exchange_coin": 3, "value": "0.07446000", "date": "2018-05-30T17:06:04.629Z"}}, {"model": "exchanges.price", "pk": 263, "fields": {"exchange_coin": 1, "value": "468.99000000", "date": "2018-05-30T17:22:01.728Z"}}, {"model": "exchanges.price", "pk": 264, "fields": {"exchange_coin": 2, "value": "6281.44000000", "date": "2018-05-30T17:22:02.382Z"}}, {"model": "exchanges.price", "pk": 265, "fields": {"exchange_coin": 3, "value": "0.07457000", "date": "2018-05-30T17:22:02.962Z"}}, {"model": "exchanges.price", "pk": 266, "fields": {"exchange_coin": 1, "value": "469.00000000", "date": "2018-05-30T17:24:03.465Z"}}, {"model": "exchanges.price", "pk": 267, "fields": {"exchange_coin": 2, "value": "6284.60000000", "date": "2018-05-30T17:24:05.891Z"}}, {"model": "exchanges.price", "pk": 268, "fields": {"exchange_coin": 3, "value": "0.07460000", "date": "2018-05-30T17:24:07.308Z"}}, {"model": "exchanges.price", "pk": 269, "fields": {"exchange_coin": 1, "value": "469.00000000", "date": "2018-05-30T17:26:02.318Z"}}, {"model": "exchanges.price", "pk": 270, "fields": {"exchange_coin": 2, "value": "6301.48000000", "date": "2018-05-30T17:26:02.954Z"}}, {"model": "exchanges.price", "pk": 271, "fields": {"exchange_coin": 3, "value": "0.07460000", "date": "2018-05-30T17:26:03.568Z"}}, {"model": "exchanges.price", "pk": 272, "fields": {"exchange_coin": 1, "value": "469.00000000", "date": "2018-05-30T17:28:04.415Z"}}, {"model": "exchanges.price", "pk": 273, "fields": {"exchange_coin": 2, "value": "6300.91000000", "date": "2018-05-30T17:28:07.292Z"}}, {"model": "exchanges.price", "pk": 274, "fields": {"exchange_coin": 3, "value": "0.07460000", "date": "2018-05-30T17:28:09.119Z"}}, {"model": "exchanges.price", "pk": 275, "fields": {"exchange_coin": 1, "value": "499.86000000", "date": "2018-06-01T07:58:13.591Z"}}, {"model": "exchanges.price", "pk": 276, "fields": {"exchange_coin": 2, "value": "6490.01000000", "date": "2018-06-01T07:58:14.189Z"}}, {"model": "exchanges.price", "pk": 277, "fields": {"exchange_coin": 3, "value": "0.07696000", "date": "2018-06-01T07:58:14.785Z"}}, {"model": "exchanges.price", "pk": 278, "fields": {"exchange_coin": 1, "value": "499.60000000", "date": "2018-06-01T08:00:02.336Z"}}, {"model": "exchanges.price", "pk": 279, "fields": {"exchange_coin": 2, "value": "6495.47000000", "date": "2018-06-01T08:00:02.907Z"}}, {"model": "exchanges.price", "pk": 280, "fields": {"exchange_coin": 3, "value": "0.07698000", "date": "2018-06-01T08:00:03.485Z"}}, {"model": "exchanges.price", "pk": 281, "fields": {"exchange_coin": 1, "value": "499.27000000", "date": "2018-06-01T08:02:02.068Z"}}, {"model": "exchanges.price", "pk": 282, "fields": {"exchange_coin": 2, "value": "6490.00000000", "date": "2018-06-01T08:02:02.277Z"}}, {"model": "exchanges.price", "pk": 283, "fields": {"exchange_coin": 3, "value": "0.07694000", "date": "2018-06-01T08:02:02.839Z"}}, {"model": "exchanges.price", "pk": 284, "fields": {"exchange_coin": 1, "value": "499.10000000", "date": "2018-06-01T08:04:02.608Z"}}, {"model": "exchanges.price", "pk": 285, "fields": {"exchange_coin": 2, "value": "6489.01000000", "date": "2018-06-01T08:04:03.182Z"}}, {"model": "exchanges.price", "pk": 286, "fields": {"exchange_coin": 3, "value": "0.07694000", "date": "2018-06-01T08:04:03.403Z"}}, {"model": "exchanges.price", "pk": 287, "fields": {"exchange_coin": 1, "value": "497.91000000", "date": "2018-06-01T08:06:02.799Z"}}, {"model": "exchanges.price", "pk": 288, "fields": {"exchange_coin": 2, "value": "6488.00000000", "date": "2018-06-01T08:06:03.412Z"}}, {"model": "exchanges.price", "pk": 289, "fields": {"exchange_coin": 3, "value": "0.07698000", "date": "2018-06-01T08:06:04.029Z"}}, {"model": "exchanges.price", "pk": 290, "fields": {"exchange_coin": 1, "value": "498.00000000", "date": "2018-06-01T08:08:01.509Z"}}, {"model": "exchanges.price", "pk": 291, "fields": {"exchange_coin": 2, "value": "6486.00000000", "date": "2018-06-01T08:08:02.203Z"}}, {"model": "exchanges.price", "pk": 292, "fields": {"exchange_coin": 3, "value": "0.07698000", "date": "2018-06-01T08:08:02.770Z"}}, {"model": "exchanges.price", "pk": 293, "fields": {"exchange_coin": 1, "value": "498.00000000", "date": "2018-06-01T08:10:02.649Z"}}, {"model": "exchanges.price", "pk": 294, "fields": {"exchange_coin": 2, "value": "6487.00000000", "date": "2018-06-01T08:10:03.228Z"}}, {"model": "exchanges.price", "pk": 295, "fields": {"exchange_coin": 3, "value": "0.07695000", "date": "2018-06-01T08:10:03.866Z"}}, {"model": "exchanges.price", "pk": 296, "fields": {"exchange_coin": 1, "value": "498.00000000", "date": "2018-06-01T08:12:01.710Z"}}, {"model": "exchanges.price", "pk": 297, "fields": {"exchange_coin": 2, "value": "6486.00000000", "date": "2018-06-01T08:12:02.301Z"}}, {"model": "exchanges.price", "pk": 298, "fields": {"exchange_coin": 3, "value": "0.07695000", "date": "2018-06-01T08:12:02.855Z"}}, {"model": "exchanges.price", "pk": 299, "fields": {"exchange_coin": 1, "value": "497.99000000", "date": "2018-06-01T08:14:01.540Z"}}, {"model": "exchanges.price", "pk": 300, "fields": {"exchange_coin": 2, "value": "6486.01000000", "date": "2018-06-01T08:14:02.091Z"}}, {"model": "exchanges.price", "pk": 301, "fields": {"exchange_coin": 3, "value": "0.07695000", "date": "2018-06-01T08:14:02.779Z"}}, {"model": "exchanges.price", "pk": 302, "fields": {"exchange_coin": 1, "value": "497.87000000", "date": "2018-06-01T08:16:02.421Z"}}, {"model": "exchanges.price", "pk": 303, "fields": {"exchange_coin": 2, "value": "6487.90000000", "date": "2018-06-01T08:16:02.621Z"}}, {"model": "exchanges.price", "pk": 304, "fields": {"exchange_coin": 3, "value": "0.07695000", "date": "2018-06-01T08:16:03.176Z"}}, {"model": "exchanges.price", "pk": 305, "fields": {"exchange_coin": 1, "value": "497.97000000", "date": "2018-06-01T08:18:05.689Z"}}, {"model": "exchanges.price", "pk": 306, "fields": {"exchange_coin": 2, "value": "6487.04000000", "date": "2018-06-01T08:18:06.384Z"}}, {"model": "exchanges.price", "pk": 307, "fields": {"exchange_coin": 3, "value": "0.07695000", "date": "2018-06-01T08:18:06.968Z"}}, {"model": "exchanges.price", "pk": 308, "fields": {"exchange_coin": 1, "value": "497.97000000", "date": "2018-06-01T08:20:01.255Z"}}, {"model": "exchanges.price", "pk": 309, "fields": {"exchange_coin": 2, "value": "6495.53000000", "date": "2018-06-01T08:20:01.820Z"}}, {"model": "exchanges.price", "pk": 310, "fields": {"exchange_coin": 3, "value": "0.07695000", "date": "2018-06-01T08:20:02.408Z"}}, {"model": "exchanges.price", "pk": 311, "fields": {"exchange_coin": 1, "value": "499.27000000", "date": "2018-06-01T08:22:02.122Z"}}, {"model": "exchanges.price", "pk": 312, "fields": {"exchange_coin": 2, "value": "6491.23000000", "date": "2018-06-01T08:22:02.725Z"}}, {"model": "exchanges.price", "pk": 313, "fields": {"exchange_coin": 3, "value": "0.07703000", "date": "2018-06-01T08:22:03.278Z"}}, {"model": "exchanges.price", "pk": 314, "fields": {"exchange_coin": 1, "value": "499.27000000", "date": "2018-06-01T08:24:01.627Z"}}, {"model": "exchanges.price", "pk": 315, "fields": {"exchange_coin": 2, "value": "6499.00000000", "date": "2018-06-01T08:24:02.218Z"}}, {"model": "exchanges.price", "pk": 316, "fields": {"exchange_coin": 3, "value": "0.07703000", "date": "2018-06-01T08:24:02.797Z"}}, {"model": "exchanges.price", "pk": 317, "fields": {"exchange_coin": 1, "value": "499.27000000", "date": "2018-06-01T08:26:02.671Z"}}, {"model": "exchanges.price", "pk": 318, "fields": {"exchange_coin": 2, "value": "6491.79000000", "date": "2018-06-01T08:26:03.302Z"}}, {"model": "exchanges.price", "pk": 319, "fields": {"exchange_coin": 3, "value": "0.07710000", "date": "2018-06-01T08:26:03.916Z"}}, {"model": "exchanges.price", "pk": 320, "fields": {"exchange_coin": 1, "value": "500.78000000", "date": "2018-06-01T08:28:02.662Z"}}, {"model": "exchanges.price", "pk": 321, "fields": {"exchange_coin": 2, "value": "6494.10000000", "date": "2018-06-01T08:28:03.214Z"}}, {"model": "exchanges.price", "pk": 322, "fields": {"exchange_coin": 3, "value": "0.07708000", "date": "2018-06-01T08:28:03.849Z"}}, {"model": "exchanges.price", "pk": 323, "fields": {"exchange_coin": 1, "value": "500.77000000", "date": "2018-06-01T08:30:02.369Z"}}, {"model": "exchanges.price", "pk": 324, "fields": {"exchange_coin": 2, "value": "6496.55000000", "date": "2018-06-01T08:30:03.065Z"}}, {"model": "exchanges.price", "pk": 325, "fields": {"exchange_coin": 3, "value": "0.07708000", "date": "2018-06-01T08:30:03.699Z"}}, {"model": "exchanges.price", "pk": 326, "fields": {"exchange_coin": 1, "value": "501.58000000", "date": "2018-06-01T08:32:06.136Z"}}, {"model": "exchanges.price", "pk": 327, "fields": {"exchange_coin": 2, "value": "6499.00000000", "date": "2018-06-01T08:32:06.746Z"}}, {"model": "exchanges.price", "pk": 328, "fields": {"exchange_coin": 3, "value": "0.07710000", "date": "2018-06-01T08:32:07.399Z"}}, {"model": "exchanges.price", "pk": 329, "fields": {"exchange_coin": 1, "value": "501.56000000", "date": "2018-06-01T08:34:01.816Z"}}, {"model": "exchanges.price", "pk": 330, "fields": {"exchange_coin": 2, "value": "6498.49000000", "date": "2018-06-01T08:34:02.420Z"}}, {"model": "exchanges.price", "pk": 331, "fields": {"exchange_coin": 3, "value": "0.07715000", "date": "2018-06-01T08:34:03.036Z"}}, {"model": "exchanges.price", "pk": 332, "fields": {"exchange_coin": 1, "value": "501.56000000", "date": "2018-06-01T08:36:01.385Z"}}, {"model": "exchanges.price", "pk": 333, "fields": {"exchange_coin": 2, "value": "6497.37000000", "date": "2018-06-01T08:36:01.957Z"}}, {"model": "exchanges.price", "pk": 334, "fields": {"exchange_coin": 3, "value": "0.07726000", "date": "2018-06-01T08:36:02.540Z"}}, {"model": "exchanges.price", "pk": 335, "fields": {"exchange_coin": 1, "value": "501.02000000", "date": "2018-06-01T08:38:01.690Z"}}, {"model": "exchanges.price", "pk": 336, "fields": {"exchange_coin": 2, "value": "6496.94000000", "date": "2018-06-01T08:38:02.353Z"}}, {"model": "exchanges.price", "pk": 337, "fields": {"exchange_coin": 3, "value": "0.07723000", "date": "2018-06-01T08:38:02.936Z"}}, {"model": "exchanges.price", "pk": 338, "fields": {"exchange_coin": 1, "value": "501.02000000", "date": "2018-06-01T08:40:01.414Z"}}, {"model": "exchanges.price", "pk": 339, "fields": {"exchange_coin": 2, "value": "6496.79000000", "date": "2018-06-01T08:40:02.029Z"}}, {"model": "exchanges.price", "pk": 340, "fields": {"exchange_coin": 3, "value": "0.07724000", "date": "2018-06-01T08:40:02.627Z"}}, {"model": "exchanges.price", "pk": 341, "fields": {"exchange_coin": 1, "value": "501.01000000", "date": "2018-06-01T08:42:01.999Z"}}, {"model": "exchanges.price", "pk": 342, "fields": {"exchange_coin": 2, "value": "6495.09000000", "date": "2018-06-01T08:42:02.570Z"}}, {"model": "exchanges.price", "pk": 343, "fields": {"exchange_coin": 3, "value": "0.07724000", "date": "2018-06-01T08:42:03.208Z"}}, {"model": "exchanges.price", "pk": 344, "fields": {"exchange_coin": 1, "value": "501.01000000", "date": "2018-06-01T08:44:01.486Z"}}, {"model": "exchanges.price", "pk": 345, "fields": {"exchange_coin": 2, "value": "6495.28000000", "date": "2018-06-01T08:44:02.098Z"}}, {"model": "exchanges.price", "pk": 346, "fields": {"exchange_coin": 3, "value": "0.07724000", "date": "2018-06-01T08:44:02.711Z"}}, {"model": "exchanges.price", "pk": 347, "fields": {"exchange_coin": 1, "value": "501.02000000", "date": "2018-06-01T08:46:02.014Z"}}, {"model": "exchanges.price", "pk": 348, "fields": {"exchange_coin": 2, "value": "6495.28000000", "date": "2018-06-01T08:46:02.629Z"}}, {"model": "exchanges.price", "pk": 349, "fields": {"exchange_coin": 3, "value": "0.07725000", "date": "2018-06-01T08:46:03.243Z"}}, {"model": "exchanges.price", "pk": 350, "fields": {"exchange_coin": 1, "value": "501.02000000", "date": "2018-06-01T08:48:01.507Z"}}, {"model": "exchanges.price", "pk": 351, "fields": {"exchange_coin": 2, "value": "6495.29000000", "date": "2018-06-01T08:48:01.732Z"}}, {"model": "exchanges.price", "pk": 352, "fields": {"exchange_coin": 3, "value": "0.07725000", "date": "2018-06-01T08:48:02.309Z"}}, {"model": "exchanges.price", "pk": 353, "fields": {"exchange_coin": 1, "value": "501.02000000", "date": "2018-06-01T08:50:01.584Z"}}, {"model": "exchanges.price", "pk": 354, "fields": {"exchange_coin": 2, "value": "6495.29000000", "date": "2018-06-01T08:50:02.156Z"}}, {"model": "exchanges.price", "pk": 355, "fields": {"exchange_coin": 3, "value": "0.07725000", "date": "2018-06-01T08:50:02.744Z"}}, {"model": "exchanges.price", "pk": 356, "fields": {"exchange_coin": 1, "value": "501.02000000", "date": "2018-06-01T08:52:02.068Z"}}, {"model": "exchanges.price", "pk": 357, "fields": {"exchange_coin": 2, "value": "6495.01000000", "date": "2018-06-01T08:52:02.285Z"}}, {"model": "exchanges.price", "pk": 358, "fields": {"exchange_coin": 3, "value": "0.07726000", "date": "2018-06-01T08:52:02.858Z"}}, {"model": "exchanges.price", "pk": 359, "fields": {"exchange_coin": 1, "value": "502.30000000", "date": "2018-06-01T09:00:01.526Z"}}, {"model": "exchanges.price", "pk": 360, "fields": {"exchange_coin": 2, "value": "6503.00000000", "date": "2018-06-01T09:00:02.134Z"}}, {"model": "exchanges.price", "pk": 361, "fields": {"exchange_coin": 3, "value": "0.07742000", "date": "2018-06-01T09:00:02.708Z"}}, {"model": "exchanges.price", "pk": 362, "fields": {"exchange_coin": 1, "value": "501.51000000", "date": "2018-06-01T09:30:01.403Z"}}, {"model": "exchanges.price", "pk": 363, "fields": {"exchange_coin": 2, "value": "6470.01000000", "date": "2018-06-01T09:30:01.984Z"}}, {"model": "exchanges.price", "pk": 364, "fields": {"exchange_coin": 3, "value": "0.07754000", "date": "2018-06-01T09:30:02.678Z"}}, {"model": "exchanges.price", "pk": 365, "fields": {"exchange_coin": 1, "value": "499.40000000", "date": "2018-06-01T10:00:01.598Z"}}, {"model": "exchanges.price", "pk": 366, "fields": {"exchange_coin": 2, "value": "6457.95000000", "date": "2018-06-01T10:00:02.212Z"}}, {"model": "exchanges.price", "pk": 367, "fields": {"exchange_coin": 3, "value": "0.07751000", "date": "2018-06-01T10:00:02.795Z"}}, {"model": "exchanges.price", "pk": 368, "fields": {"exchange_coin": 1, "value": "500.50000000", "date": "2018-06-01T10:30:02.142Z"}}, {"model": "exchanges.price", "pk": 369, "fields": {"exchange_coin": 2, "value": "6461.40000000", "date": "2018-06-01T10:30:02.729Z"}}, {"model": "exchanges.price", "pk": 370, "fields": {"exchange_coin": 3, "value": "0.07755000", "date": "2018-06-01T10:30:03.369Z"}}, {"model": "exchanges.price", "pk": 371, "fields": {"exchange_coin": 1, "value": "499.85000000", "date": "2018-06-01T11:02:02.612Z"}}, {"model": "exchanges.price", "pk": 372, "fields": {"exchange_coin": 2, "value": "6464.80000000", "date": "2018-06-01T11:02:03.208Z"}}, {"model": "exchanges.price", "pk": 373, "fields": {"exchange_coin": 3, "value": "0.07745000", "date": "2018-06-01T11:02:03.807Z"}}, {"model": "exchanges.price", "pk": 374, "fields": {"exchange_coin": 1, "value": "500.00000000", "date": "2018-06-01T11:04:04.762Z"}}, {"model": "exchanges.price", "pk": 375, "fields": {"exchange_coin": 2, "value": "6464.80000000", "date": "2018-06-01T11:04:05.376Z"}}, {"model": "exchanges.price", "pk": 376, "fields": {"exchange_coin": 3, "value": "0.07745000", "date": "2018-06-01T11:04:05.614Z"}}, {"model": "exchanges.price", "pk": 377, "fields": {"exchange_coin": 1, "value": "500.00000000", "date": "2018-06-01T11:05:07.384Z"}}, {"model": "exchanges.price", "pk": 378, "fields": {"exchange_coin": 2, "value": "6460.01000000", "date": "2018-06-01T11:05:08.050Z"}}, {"model": "exchanges.price", "pk": 379, "fields": {"exchange_coin": 3, "value": "0.07745000", "date": "2018-06-01T11:05:08.621Z"}}, {"model": "exchanges.price", "pk": 380, "fields": {"exchange_coin": 1, "value": "500.00000000", "date": "2018-06-01T11:05:32.214Z"}}, {"model": "exchanges.price", "pk": 381, "fields": {"exchange_coin": 2, "value": "6467.36000000", "date": "2018-06-01T11:05:32.827Z"}}, {"model": "exchanges.price", "pk": 382, "fields": {"exchange_coin": 3, "value": "0.07745000", "date": "2018-06-01T11:05:33.443Z"}}, {"model": "exchanges.price", "pk": 383, "fields": {"exchange_coin": 1, "value": "500.00000000", "date": "2018-06-01T11:06:02.221Z"}}, {"model": "exchanges.price", "pk": 384, "fields": {"exchange_coin": 2, "value": "6467.35000000", "date": "2018-06-01T11:06:02.813Z"}}, {"model": "exchanges.price", "pk": 385, "fields": {"exchange_coin": 3, "value": "0.07745000", "date": "2018-06-01T11:06:03.445Z"}}, {"model": "exchanges.price", "pk": 386, "fields": {"exchange_coin": 1, "value": "500.00000000", "date": "2018-06-01T11:07:24.286Z"}}, {"model": "exchanges.price", "pk": 387, "fields": {"exchange_coin": 2, "value": "6469.89000000", "date": "2018-06-01T11:07:24.853Z"}}, {"model": "exchanges.price", "pk": 388, "fields": {"exchange_coin": 3, "value": "0.07745000", "date": "2018-06-01T11:07:25.448Z"}}, {"model": "exchanges.price", "pk": 389, "fields": {"exchange_coin": 1, "value": "500.00000000", "date": "2018-06-01T11:08:03.873Z"}}, {"model": "exchanges.price", "pk": 390, "fields": {"exchange_coin": 2, "value": "6470.00000000", "date": "2018-06-01T11:08:04.464Z"}}, {"model": "exchanges.price", "pk": 391, "fields": {"exchange_coin": 3, "value": "0.07745000", "date": "2018-06-01T11:08:06.843Z"}}, {"model": "exchanges.price", "pk": 392, "fields": {"exchange_coin": 1, "value": "500.00000000", "date": "2018-06-01T11:09:07.322Z"}}, {"model": "exchanges.price", "pk": 393, "fields": {"exchange_coin": 2, "value": "6465.80000000", "date": "2018-06-01T11:09:09.819Z"}}, {"model": "exchanges.price", "pk": 394, "fields": {"exchange_coin": 3, "value": "0.07745000", "date": "2018-06-01T11:09:10.947Z"}}, {"model": "exchanges.price", "pk": 395, "fields": {"exchange_coin": 1, "value": "499.99000000", "date": "2018-06-01T11:09:56.414Z"}}, {"model": "exchanges.price", "pk": 396, "fields": {"exchange_coin": 2, "value": "6471.34000000", "date": "2018-06-01T11:09:57.029Z"}}, {"model": "exchanges.price", "pk": 397, "fields": {"exchange_coin": 3, "value": "0.07745000", "date": "2018-06-01T11:09:57.251Z"}}, {"model": "exchanges.price", "pk": 398, "fields": {"exchange_coin": 1, "value": "499.99000000", "date": "2018-06-01T11:10:01.347Z"}}, {"model": "exchanges.price", "pk": 399, "fields": {"exchange_coin": 2, "value": "6471.34000000", "date": "2018-06-01T11:10:01.572Z"}}, {"model": "exchanges.price", "pk": 400, "fields": {"exchange_coin": 3, "value": "0.07745000", "date": "2018-06-01T11:10:02.250Z"}}, {"model": "exchanges.price", "pk": 401, "fields": {"exchange_coin": 1, "value": "501.88000000", "date": "2018-06-01T11:10:59.801Z"}}, {"model": "exchanges.price", "pk": 402, "fields": {"exchange_coin": 2, "value": "6471.35000000", "date": "2018-06-01T11:11:00.425Z"}}, {"model": "exchanges.price", "pk": 403, "fields": {"exchange_coin": 3, "value": "0.07745000", "date": "2018-06-01T11:11:01.028Z"}}, {"model": "exchanges.price", "pk": 404, "fields": {"exchange_coin": 1, "value": "501.88000000", "date": "2018-06-01T11:11:59.004Z"}}, {"model": "exchanges.price", "pk": 405, "fields": {"exchange_coin": 2, "value": "6468.88000000", "date": "2018-06-01T11:11:59.593Z"}}, {"model": "exchanges.price", "pk": 406, "fields": {"exchange_coin": 3, "value": "0.07745000", "date": "2018-06-01T11:12:00.160Z"}}, {"model": "exchanges.price", "pk": 407, "fields": {"exchange_coin": 5, "value": "0.00787500", "date": "2018-06-01T11:12:00.932Z"}}, {"model": "exchanges.price", "pk": 408, "fields": {"exchange_coin": 1, "value": "501.88000000", "date": "2018-06-01T11:12:01.790Z"}}, {"model": "exchanges.price", "pk": 409, "fields": {"exchange_coin": 2, "value": "6468.88000000", "date": "2018-06-01T11:12:02.473Z"}}, {"model": "exchanges.price", "pk": 410, "fields": {"exchange_coin": 3, "value": "0.07745000", "date": "2018-06-01T11:12:03.072Z"}}, {"model": "exchanges.price", "pk": 411, "fields": {"exchange_coin": 5, "value": "0.00787500", "date": "2018-06-01T11:12:03.903Z"}}, {"model": "exchanges.price", "pk": 412, "fields": {"exchange_coin": 1, "value": "500.84000000", "date": "2018-06-01T11:14:01.494Z"}}, {"model": "exchanges.price", "pk": 413, "fields": {"exchange_coin": 2, "value": "6470.59000000", "date": "2018-06-01T11:14:03.857Z"}}, {"model": "exchanges.price", "pk": 414, "fields": {"exchange_coin": 3, "value": "0.07746000", "date": "2018-06-01T11:14:04.635Z"}}, {"model": "exchanges.price", "pk": 415, "fields": {"exchange_coin": 5, "value": "0.00787500", "date": "2018-06-01T11:14:05.976Z"}}, {"model": "exchanges.price", "pk": 416, "fields": {"exchange_coin": 1, "value": "501.06000000", "date": "2018-06-01T11:16:03.012Z"}}, {"model": "exchanges.price", "pk": 417, "fields": {"exchange_coin": 2, "value": "6471.00000000", "date": "2018-06-01T11:16:05.476Z"}}, {"model": "exchanges.price", "pk": 418, "fields": {"exchange_coin": 3, "value": "0.07746000", "date": "2018-06-01T11:16:06.210Z"}}, {"model": "exchanges.price", "pk": 419, "fields": {"exchange_coin": 5, "value": "0.00791300", "date": "2018-06-01T11:16:09.933Z"}}, {"model": "exchanges.price", "pk": 420, "fields": {"exchange_coin": 1, "value": "501.06000000", "date": "2018-06-01T11:18:01.697Z"}}, {"model": "exchanges.price", "pk": 421, "fields": {"exchange_coin": 2, "value": "6474.39000000", "date": "2018-06-01T11:18:02.310Z"}}, {"model": "exchanges.price", "pk": 422, "fields": {"exchange_coin": 3, "value": "0.07746000", "date": "2018-06-01T11:18:02.893Z"}}, {"model": "exchanges.price", "pk": 423, "fields": {"exchange_coin": 5, "value": "0.00791300", "date": "2018-06-01T11:18:04.153Z"}}, {"model": "exchanges.price", "pk": 424, "fields": {"exchange_coin": 1, "value": "501.38000000", "date": "2018-06-01T11:20:01.902Z"}}, {"model": "exchanges.price", "pk": 425, "fields": {"exchange_coin": 2, "value": "6477.60000000", "date": "2018-06-01T11:20:02.474Z"}}, {"model": "exchanges.price", "pk": 426, "fields": {"exchange_coin": 3, "value": "0.07746000", "date": "2018-06-01T11:20:03.030Z"}}, {"model": "exchanges.price", "pk": 427, "fields": {"exchange_coin": 5, "value": "0.00791300", "date": "2018-06-01T11:20:03.860Z"}}, {"model": "exchanges.price", "pk": 428, "fields": {"exchange_coin": 1, "value": "501.38000000", "date": "2018-06-01T11:22:01.612Z"}}, {"model": "exchanges.price", "pk": 429, "fields": {"exchange_coin": 2, "value": "6476.50000000", "date": "2018-06-01T11:22:02.238Z"}}, {"model": "exchanges.price", "pk": 430, "fields": {"exchange_coin": 3, "value": "0.07748000", "date": "2018-06-01T11:22:02.852Z"}}, {"model": "exchanges.price", "pk": 431, "fields": {"exchange_coin": 5, "value": "0.00788800", "date": "2018-06-01T11:22:06.025Z"}}, {"model": "exchanges.price", "pk": 432, "fields": {"exchange_coin": 1, "value": "501.37000000", "date": "2018-06-01T11:24:01.639Z"}}, {"model": "exchanges.price", "pk": 433, "fields": {"exchange_coin": 2, "value": "6476.35000000", "date": "2018-06-01T11:24:02.354Z"}}, {"model": "exchanges.price", "pk": 434, "fields": {"exchange_coin": 3, "value": "0.07748000", "date": "2018-06-01T11:24:02.931Z"}}, {"model": "exchanges.price", "pk": 435, "fields": {"exchange_coin": 5, "value": "0.00788800", "date": "2018-06-01T11:24:04.008Z"}}, {"model": "exchanges.price", "pk": 436, "fields": {"exchange_coin": 1, "value": "501.37000000", "date": "2018-06-01T11:26:03.590Z"}}, {"model": "exchanges.price", "pk": 437, "fields": {"exchange_coin": 2, "value": "6476.40000000", "date": "2018-06-01T11:26:05.850Z"}}, {"model": "exchanges.price", "pk": 438, "fields": {"exchange_coin": 3, "value": "0.07748000", "date": "2018-06-01T11:26:07.717Z"}}, {"model": "exchanges.price", "pk": 439, "fields": {"exchange_coin": 5, "value": "0.00788800", "date": "2018-06-01T11:26:10.999Z"}}, {"model": "exchanges.price", "pk": 440, "fields": {"exchange_coin": 1, "value": "501.37000000", "date": "2018-06-01T11:28:01.773Z"}}, {"model": "exchanges.price", "pk": 441, "fields": {"exchange_coin": 2, "value": "6476.40000000", "date": "2018-06-01T11:28:02.488Z"}}, {"model": "exchanges.price", "pk": 442, "fields": {"exchange_coin": 3, "value": "0.07748000", "date": "2018-06-01T11:28:03.049Z"}}, {"model": "exchanges.price", "pk": 443, "fields": {"exchange_coin": 5, "value": "0.00788800", "date": "2018-06-01T11:28:03.989Z"}}, {"model": "exchanges.price", "pk": 444, "fields": {"exchange_coin": 1, "value": "501.37000000", "date": "2018-06-01T11:30:01.581Z"}}, {"model": "exchanges.price", "pk": 445, "fields": {"exchange_coin": 2, "value": "6476.40000000", "date": "2018-06-01T11:30:02.158Z"}}, {"model": "exchanges.price", "pk": 446, "fields": {"exchange_coin": 3, "value": "0.07748000", "date": "2018-06-01T11:30:02.760Z"}}, {"model": "exchanges.price", "pk": 447, "fields": {"exchange_coin": 5, "value": "0.00788800", "date": "2018-06-01T11:30:04.902Z"}}, {"model": "exchanges.price", "pk": 448, "fields": {"exchange_coin": 1, "value": "501.38000000", "date": "2018-06-01T11:32:02.248Z"}}, {"model": "exchanges.price", "pk": 449, "fields": {"exchange_coin": 2, "value": "6475.31000000", "date": "2018-06-01T11:32:02.828Z"}}, {"model": "exchanges.price", "pk": 450, "fields": {"exchange_coin": 3, "value": "0.07748000", "date": "2018-06-01T11:32:03.439Z"}}, {"model": "exchanges.price", "pk": 451, "fields": {"exchange_coin": 5, "value": "0.00788800", "date": "2018-06-01T11:32:04.258Z"}}, {"model": "exchanges.price", "pk": 452, "fields": {"exchange_coin": 1, "value": "501.38000000", "date": "2018-06-01T11:34:01.730Z"}}, {"model": "exchanges.price", "pk": 453, "fields": {"exchange_coin": 2, "value": "6479.97000000", "date": "2018-06-01T11:34:02.283Z"}}, {"model": "exchanges.price", "pk": 454, "fields": {"exchange_coin": 3, "value": "0.07746000", "date": "2018-06-01T11:34:02.873Z"}}, {"model": "exchanges.price", "pk": 455, "fields": {"exchange_coin": 5, "value": "0.00788800", "date": "2018-06-01T11:34:03.957Z"}}, {"model": "exchanges.price", "pk": 456, "fields": {"exchange_coin": 1, "value": "501.70000000", "date": "2018-06-01T11:36:01.427Z"}}, {"model": "exchanges.price", "pk": 457, "fields": {"exchange_coin": 2, "value": "6478.17000000", "date": "2018-06-01T11:36:02.034Z"}}, {"model": "exchanges.price", "pk": 458, "fields": {"exchange_coin": 3, "value": "0.07746000", "date": "2018-06-01T11:36:02.599Z"}}, {"model": "exchanges.price", "pk": 459, "fields": {"exchange_coin": 5, "value": "0.00789000", "date": "2018-06-01T11:36:03.626Z"}}, {"model": "exchanges.price", "pk": 460, "fields": {"exchange_coin": 1, "value": "501.70000000", "date": "2018-06-01T11:38:04.198Z"}}, {"model": "exchanges.price", "pk": 461, "fields": {"exchange_coin": 2, "value": "6477.00000000", "date": "2018-06-01T11:38:06.085Z"}}, {"model": "exchanges.price", "pk": 462, "fields": {"exchange_coin": 3, "value": "0.07746000", "date": "2018-06-01T11:38:07.957Z"}}, {"model": "exchanges.price", "pk": 463, "fields": {"exchange_coin": 5, "value": "0.00788800", "date": "2018-06-01T11:38:11.135Z"}}, {"model": "exchanges.price", "pk": 464, "fields": {"exchange_coin": 1, "value": "501.15000000", "date": "2018-06-01T11:40:01.757Z"}}, {"model": "exchanges.price", "pk": 465, "fields": {"exchange_coin": 2, "value": "6475.70000000", "date": "2018-06-01T11:40:02.371Z"}}, {"model": "exchanges.price", "pk": 466, "fields": {"exchange_coin": 3, "value": "0.07747000", "date": "2018-06-01T11:40:02.595Z"}}, {"model": "exchanges.price", "pk": 467, "fields": {"exchange_coin": 5, "value": "0.00788800", "date": "2018-06-01T11:40:04.003Z"}}, {"model": "exchanges.price", "pk": 468, "fields": {"exchange_coin": 1, "value": "501.00000000", "date": "2018-06-01T11:42:01.566Z"}}, {"model": "exchanges.price", "pk": 469, "fields": {"exchange_coin": 2, "value": "6475.01000000", "date": "2018-06-01T11:42:02.182Z"}}, {"model": "exchanges.price", "pk": 470, "fields": {"exchange_coin": 3, "value": "0.07746000", "date": "2018-06-01T11:42:02.735Z"}}, {"model": "exchanges.price", "pk": 471, "fields": {"exchange_coin": 5, "value": "0.00788800", "date": "2018-06-01T11:42:03.513Z"}}, {"model": "exchanges.price", "pk": 472, "fields": {"exchange_coin": 1, "value": "500.60000000", "date": "2018-06-01T11:44:03.938Z"}}, {"model": "exchanges.price", "pk": 473, "fields": {"exchange_coin": 2, "value": "6470.01000000", "date": "2018-06-01T11:44:05.972Z"}}, {"model": "exchanges.price", "pk": 474, "fields": {"exchange_coin": 3, "value": "0.07746000", "date": "2018-06-01T11:44:08.071Z"}}, {"model": "exchanges.price", "pk": 475, "fields": {"exchange_coin": 5, "value": "0.00788800", "date": "2018-06-01T11:44:12.264Z"}}, {"model": "exchanges.price", "pk": 476, "fields": {"exchange_coin": 1, "value": "500.00000000", "date": "2018-06-01T11:46:01.906Z"}}, {"model": "exchanges.price", "pk": 477, "fields": {"exchange_coin": 2, "value": "6470.01000000", "date": "2018-06-01T11:46:02.621Z"}}, {"model": "exchanges.price", "pk": 478, "fields": {"exchange_coin": 3, "value": "0.07740000", "date": "2018-06-01T11:46:02.868Z"}}, {"model": "exchanges.price", "pk": 479, "fields": {"exchange_coin": 5, "value": "0.00788800", "date": "2018-06-01T11:46:03.847Z"}}, {"model": "exchanges.price", "pk": 480, "fields": {"exchange_coin": 1, "value": "500.00000000", "date": "2018-06-01T11:48:01.483Z"}}, {"model": "exchanges.price", "pk": 481, "fields": {"exchange_coin": 2, "value": "6458.39000000", "date": "2018-06-01T11:48:02.330Z"}}, {"model": "exchanges.price", "pk": 482, "fields": {"exchange_coin": 3, "value": "0.07742000", "date": "2018-06-01T11:48:02.944Z"}}, {"model": "exchanges.price", "pk": 483, "fields": {"exchange_coin": 5, "value": "0.00786400", "date": "2018-06-01T11:48:03.864Z"}}, {"model": "exchanges.price", "pk": 484, "fields": {"exchange_coin": 1, "value": "500.00000000", "date": "2018-06-01T11:50:02.802Z"}}, {"model": "exchanges.price", "pk": 485, "fields": {"exchange_coin": 2, "value": "6458.33000000", "date": "2018-06-01T11:50:05.269Z"}}, {"model": "exchanges.price", "pk": 486, "fields": {"exchange_coin": 3, "value": "0.07742000", "date": "2018-06-01T11:50:06.739Z"}}, {"model": "exchanges.price", "pk": 487, "fields": {"exchange_coin": 5, "value": "0.00785400", "date": "2018-06-01T11:50:11.973Z"}}, {"model": "exchanges.price", "pk": 488, "fields": {"exchange_coin": 1, "value": "498.27000000", "date": "2018-06-01T11:52:01.848Z"}}, {"model": "exchanges.price", "pk": 489, "fields": {"exchange_coin": 2, "value": "6441.10000000", "date": "2018-06-01T11:52:02.421Z"}}, {"model": "exchanges.price", "pk": 490, "fields": {"exchange_coin": 3, "value": "0.07743000", "date": "2018-06-01T11:52:02.989Z"}}, {"model": "exchanges.price", "pk": 491, "fields": {"exchange_coin": 5, "value": "0.00786800", "date": "2018-06-01T11:52:04.188Z"}}, {"model": "exchanges.price", "pk": 492, "fields": {"exchange_coin": 1, "value": "492.99000000", "date": "2018-06-01T11:54:01.986Z"}}, {"model": "exchanges.price", "pk": 493, "fields": {"exchange_coin": 2, "value": "6355.22000000", "date": "2018-06-01T11:54:02.561Z"}}, {"model": "exchanges.price", "pk": 494, "fields": {"exchange_coin": 3, "value": "0.07771000", "date": "2018-06-01T11:54:02.772Z"}}, {"model": "exchanges.price", "pk": 495, "fields": {"exchange_coin": 5, "value": "0.00781200", "date": "2018-06-01T11:54:03.909Z"}}, {"model": "exchanges.price", "pk": 496, "fields": {"exchange_coin": 1, "value": "492.14000000", "date": "2018-06-01T11:56:02.002Z"}}, {"model": "exchanges.price", "pk": 497, "fields": {"exchange_coin": 2, "value": "6365.20000000", "date": "2018-06-01T11:56:02.584Z"}}, {"model": "exchanges.price", "pk": 498, "fields": {"exchange_coin": 3, "value": "0.07754000", "date": "2018-06-01T11:56:02.858Z"}}, {"model": "exchanges.price", "pk": 499, "fields": {"exchange_coin": 5, "value": "0.00780000", "date": "2018-06-01T11:56:03.719Z"}}, {"model": "exchanges.price", "pk": 500, "fields": {"exchange_coin": 1, "value": "492.29000000", "date": "2018-06-01T11:58:04.760Z"}}, {"model": "exchanges.price", "pk": 501, "fields": {"exchange_coin": 2, "value": "6365.20000000", "date": "2018-06-01T11:58:07.112Z"}}, {"model": "exchanges.price", "pk": 502, "fields": {"exchange_coin": 3, "value": "0.07751000", "date": "2018-06-01T11:58:09.452Z"}}, {"model": "exchanges.price", "pk": 503, "fields": {"exchange_coin": 5, "value": "0.00780000", "date": "2018-06-01T11:58:13.442Z"}}, {"model": "exchanges.price", "pk": 504, "fields": {"exchange_coin": 1, "value": "490.00000000", "date": "2018-06-01T12:00:04.360Z"}}, {"model": "exchanges.price", "pk": 505, "fields": {"exchange_coin": 2, "value": "6330.01000000", "date": "2018-06-01T12:00:06.561Z"}}, {"model": "exchanges.price", "pk": 506, "fields": {"exchange_coin": 3, "value": "0.07752000", "date": "2018-06-01T12:00:08.973Z"}}, {"model": "exchanges.price", "pk": 507, "fields": {"exchange_coin": 5, "value": "0.00780700", "date": "2018-06-01T12:00:12.954Z"}}, {"model": "exchanges.price", "pk": 508, "fields": {"exchange_coin": 1, "value": "490.49000000", "date": "2018-06-01T12:02:02.504Z"}}, {"model": "exchanges.price", "pk": 509, "fields": {"exchange_coin": 2, "value": "6343.48000000", "date": "2018-06-01T12:02:04.248Z"}}, {"model": "exchanges.price", "pk": 510, "fields": {"exchange_coin": 3, "value": "0.07754000", "date": "2018-06-01T12:02:06.328Z"}}, {"model": "exchanges.price", "pk": 511, "fields": {"exchange_coin": 5, "value": "0.00779300", "date": "2018-06-01T12:02:10.063Z"}}, {"model": "exchanges.price", "pk": 512, "fields": {"exchange_coin": 1, "value": "492.89000000", "date": "2018-06-01T12:04:03.467Z"}}, {"model": "exchanges.price", "pk": 513, "fields": {"exchange_coin": 2, "value": "6342.46000000", "date": "2018-06-01T12:04:05.392Z"}}, {"model": "exchanges.price", "pk": 514, "fields": {"exchange_coin": 3, "value": "0.07761000", "date": "2018-06-01T12:04:07.880Z"}}, {"model": "exchanges.price", "pk": 515, "fields": {"exchange_coin": 5, "value": "0.00780000", "date": "2018-06-01T12:04:12.410Z"}}, {"model": "exchanges.price", "pk": 516, "fields": {"exchange_coin": 1, "value": "492.55000000", "date": "2018-06-01T12:06:02.131Z"}}, {"model": "exchanges.price", "pk": 517, "fields": {"exchange_coin": 2, "value": "6347.91000000", "date": "2018-06-01T12:06:02.748Z"}}, {"model": "exchanges.price", "pk": 518, "fields": {"exchange_coin": 3, "value": "0.07767000", "date": "2018-06-01T12:06:03.325Z"}}, {"model": "exchanges.price", "pk": 519, "fields": {"exchange_coin": 5, "value": "0.00779400", "date": "2018-06-01T12:06:06.363Z"}}, {"model": "exchanges.price", "pk": 520, "fields": {"exchange_coin": 1, "value": "493.91000000", "date": "2018-06-01T12:08:02.075Z"}}, {"model": "exchanges.price", "pk": 521, "fields": {"exchange_coin": 2, "value": "6355.77000000", "date": "2018-06-01T12:08:02.689Z"}}, {"model": "exchanges.price", "pk": 522, "fields": {"exchange_coin": 3, "value": "0.07766000", "date": "2018-06-01T12:08:03.303Z"}}, {"model": "exchanges.price", "pk": 523, "fields": {"exchange_coin": 5, "value": "0.00779400", "date": "2018-06-01T12:08:04.122Z"}}, {"model": "exchanges.price", "pk": 524, "fields": {"exchange_coin": 1, "value": "493.95000000", "date": "2018-06-01T12:10:01.766Z"}}, {"model": "exchanges.price", "pk": 525, "fields": {"exchange_coin": 2, "value": "6360.91000000", "date": "2018-06-01T12:10:02.331Z"}}, {"model": "exchanges.price", "pk": 526, "fields": {"exchange_coin": 3, "value": "0.07763000", "date": "2018-06-01T12:10:02.917Z"}}, {"model": "exchanges.price", "pk": 527, "fields": {"exchange_coin": 5, "value": "0.00778000", "date": "2018-06-01T12:10:03.728Z"}}, {"model": "exchanges.price", "pk": 528, "fields": {"exchange_coin": 1, "value": "493.60000000", "date": "2018-06-01T12:12:02.414Z"}}, {"model": "exchanges.price", "pk": 529, "fields": {"exchange_coin": 2, "value": "6365.51000000", "date": "2018-06-01T12:12:02.985Z"}}, {"model": "exchanges.price", "pk": 530, "fields": {"exchange_coin": 3, "value": "0.07763000", "date": "2018-06-01T12:12:03.193Z"}}, {"model": "exchanges.price", "pk": 531, "fields": {"exchange_coin": 5, "value": "0.00776500", "date": "2018-06-01T12:12:04.285Z"}}, {"model": "exchanges.price", "pk": 532, "fields": {"exchange_coin": 1, "value": "492.50000000", "date": "2018-06-01T12:14:01.927Z"}}, {"model": "exchanges.price", "pk": 533, "fields": {"exchange_coin": 2, "value": "6365.51000000", "date": "2018-06-01T12:14:03.148Z"}}, {"model": "exchanges.price", "pk": 534, "fields": {"exchange_coin": 3, "value": "0.07765000", "date": "2018-06-01T12:14:03.758Z"}}, {"model": "exchanges.price", "pk": 535, "fields": {"exchange_coin": 5, "value": "0.00779400", "date": "2018-06-01T12:14:04.991Z"}}, {"model": "exchanges.price", "pk": 536, "fields": {"exchange_coin": 1, "value": "493.17000000", "date": "2018-06-01T12:16:01.617Z"}}, {"model": "exchanges.price", "pk": 537, "fields": {"exchange_coin": 2, "value": "6365.51000000", "date": "2018-06-01T12:16:02.184Z"}}, {"model": "exchanges.price", "pk": 538, "fields": {"exchange_coin": 3, "value": "0.07765000", "date": "2018-06-01T12:16:02.751Z"}}, {"model": "exchanges.price", "pk": 539, "fields": {"exchange_coin": 5, "value": "0.00780400", "date": "2018-06-01T12:16:03.533Z"}}, {"model": "exchanges.price", "pk": 540, "fields": {"exchange_coin": 1, "value": "493.20000000", "date": "2018-06-01T12:18:02.240Z"}}, {"model": "exchanges.price", "pk": 541, "fields": {"exchange_coin": 2, "value": "6362.08000000", "date": "2018-06-01T12:18:02.843Z"}}, {"model": "exchanges.price", "pk": 542, "fields": {"exchange_coin": 3, "value": "0.07762000", "date": "2018-06-01T12:18:03.050Z"}}, {"model": "exchanges.price", "pk": 543, "fields": {"exchange_coin": 5, "value": "0.00777600", "date": "2018-06-01T12:18:04.511Z"}}, {"model": "exchanges.price", "pk": 544, "fields": {"exchange_coin": 1, "value": "493.17000000", "date": "2018-06-01T12:20:02.109Z"}}, {"model": "exchanges.price", "pk": 545, "fields": {"exchange_coin": 2, "value": "6362.08000000", "date": "2018-06-01T12:20:02.707Z"}}, {"model": "exchanges.price", "pk": 546, "fields": {"exchange_coin": 3, "value": "0.07762000", "date": "2018-06-01T12:20:02.913Z"}}, {"model": "exchanges.price", "pk": 547, "fields": {"exchange_coin": 5, "value": "0.00778300", "date": "2018-06-01T12:20:04.321Z"}}, {"model": "exchanges.price", "pk": 548, "fields": {"exchange_coin": 1, "value": "493.17000000", "date": "2018-06-01T12:22:01.939Z"}}, {"model": "exchanges.price", "pk": 549, "fields": {"exchange_coin": 2, "value": "6362.08000000", "date": "2018-06-01T12:22:02.584Z"}}, {"model": "exchanges.price", "pk": 550, "fields": {"exchange_coin": 3, "value": "0.07762000", "date": "2018-06-01T12:22:03.199Z"}}, {"model": "exchanges.price", "pk": 551, "fields": {"exchange_coin": 5, "value": "0.00780100", "date": "2018-06-01T12:22:04.479Z"}}, {"model": "exchanges.price", "pk": 552, "fields": {"exchange_coin": 1, "value": "493.70000000", "date": "2018-06-01T12:24:02.123Z"}}, {"model": "exchanges.price", "pk": 553, "fields": {"exchange_coin": 2, "value": "6362.08000000", "date": "2018-06-01T12:24:02.702Z"}}, {"model": "exchanges.price", "pk": 554, "fields": {"exchange_coin": 3, "value": "0.07762000", "date": "2018-06-01T12:24:03.316Z"}}, {"model": "exchanges.price", "pk": 555, "fields": {"exchange_coin": 5, "value": "0.00780200", "date": "2018-06-01T12:24:04.237Z"}}, {"model": "exchanges.price", "pk": 556, "fields": {"exchange_coin": 1, "value": "493.70000000", "date": "2018-06-01T12:26:01.871Z"}}, {"model": "exchanges.price", "pk": 557, "fields": {"exchange_coin": 2, "value": "6366.66000000", "date": "2018-06-01T12:26:02.490Z"}}, {"model": "exchanges.price", "pk": 558, "fields": {"exchange_coin": 3, "value": "0.07761000", "date": "2018-06-01T12:26:03.059Z"}}, {"model": "exchanges.price", "pk": 559, "fields": {"exchange_coin": 5, "value": "0.00780400", "date": "2018-06-01T12:26:03.886Z"}}, {"model": "exchanges.price", "pk": 560, "fields": {"exchange_coin": 1, "value": "493.67000000", "date": "2018-06-01T12:28:01.098Z"}}, {"model": "exchanges.price", "pk": 561, "fields": {"exchange_coin": 2, "value": "6370.00000000", "date": "2018-06-01T12:28:01.706Z"}}, {"model": "exchanges.price", "pk": 562, "fields": {"exchange_coin": 3, "value": "0.07761000", "date": "2018-06-01T12:28:02.271Z"}}, {"model": "exchanges.price", "pk": 563, "fields": {"exchange_coin": 5, "value": "0.00776500", "date": "2018-06-01T12:28:03.096Z"}}, {"model": "exchanges.price", "pk": 564, "fields": {"exchange_coin": 1, "value": "493.46000000", "date": "2018-06-01T12:30:01.787Z"}}, {"model": "exchanges.price", "pk": 565, "fields": {"exchange_coin": 2, "value": "6369.11000000", "date": "2018-06-01T12:30:02.409Z"}}, {"model": "exchanges.price", "pk": 566, "fields": {"exchange_coin": 3, "value": "0.07757000", "date": "2018-06-01T12:30:03.053Z"}}, {"model": "exchanges.price", "pk": 567, "fields": {"exchange_coin": 5, "value": "0.00776500", "date": "2018-06-01T12:30:04.341Z"}}, {"model": "exchanges.price", "pk": 568, "fields": {"exchange_coin": 1, "value": "493.46000000", "date": "2018-06-01T12:32:02.045Z"}}, {"model": "exchanges.price", "pk": 569, "fields": {"exchange_coin": 2, "value": "6362.07000000", "date": "2018-06-01T12:32:02.658Z"}}, {"model": "exchanges.price", "pk": 570, "fields": {"exchange_coin": 3, "value": "0.07757000", "date": "2018-06-01T12:32:03.219Z"}}, {"model": "exchanges.price", "pk": 571, "fields": {"exchange_coin": 5, "value": "0.00776500", "date": "2018-06-01T12:32:04.783Z"}}, {"model": "exchanges.price", "pk": 572, "fields": {"exchange_coin": 1, "value": "492.00000000", "date": "2018-06-01T12:34:01.446Z"}}, {"model": "exchanges.price", "pk": 573, "fields": {"exchange_coin": 2, "value": "6362.07000000", "date": "2018-06-01T12:34:02.059Z"}}, {"model": "exchanges.price", "pk": 574, "fields": {"exchange_coin": 3, "value": "0.07755000", "date": "2018-06-01T12:34:02.663Z"}}, {"model": "exchanges.price", "pk": 575, "fields": {"exchange_coin": 5, "value": "0.00778000", "date": "2018-06-01T12:34:03.491Z"}}, {"model": "exchanges.price", "pk": 576, "fields": {"exchange_coin": 1, "value": "492.00000000", "date": "2018-06-01T12:36:02.176Z"}}, {"model": "exchanges.price", "pk": 577, "fields": {"exchange_coin": 2, "value": "6359.00000000", "date": "2018-06-01T12:36:02.733Z"}}, {"model": "exchanges.price", "pk": 578, "fields": {"exchange_coin": 3, "value": "0.07755000", "date": "2018-06-01T12:36:03.302Z"}}, {"model": "exchanges.price", "pk": 579, "fields": {"exchange_coin": 5, "value": "0.00777900", "date": "2018-06-01T12:36:04.120Z"}}, {"model": "exchanges.price", "pk": 580, "fields": {"exchange_coin": 1, "value": "490.00000000", "date": "2018-06-01T12:38:01.782Z"}}, {"model": "exchanges.price", "pk": 581, "fields": {"exchange_coin": 2, "value": "6353.49000000", "date": "2018-06-01T12:38:02.395Z"}}, {"model": "exchanges.price", "pk": 582, "fields": {"exchange_coin": 3, "value": "0.07747000", "date": "2018-06-01T12:38:03.009Z"}}, {"model": "exchanges.price", "pk": 583, "fields": {"exchange_coin": 5, "value": "0.00777900", "date": "2018-06-01T12:38:04.135Z"}}, {"model": "exchanges.price", "pk": 584, "fields": {"exchange_coin": 1, "value": "490.19000000", "date": "2018-06-01T12:40:01.754Z"}}, {"model": "exchanges.price", "pk": 585, "fields": {"exchange_coin": 2, "value": "6353.49000000", "date": "2018-06-01T12:40:02.409Z"}}, {"model": "exchanges.price", "pk": 586, "fields": {"exchange_coin": 3, "value": "0.07733000", "date": "2018-06-01T12:40:02.982Z"}}, {"model": "exchanges.price", "pk": 587, "fields": {"exchange_coin": 5, "value": "0.00777900", "date": "2018-06-01T12:40:04.336Z"}}, {"model": "exchanges.price", "pk": 588, "fields": {"exchange_coin": 1, "value": "490.05000000", "date": "2018-06-01T12:42:02.100Z"}}, {"model": "exchanges.price", "pk": 589, "fields": {"exchange_coin": 2, "value": "6353.49000000", "date": "2018-06-01T12:42:02.744Z"}}, {"model": "exchanges.price", "pk": 590, "fields": {"exchange_coin": 3, "value": "0.07735000", "date": "2018-06-01T12:42:03.345Z"}}, {"model": "exchanges.price", "pk": 591, "fields": {"exchange_coin": 5, "value": "0.00779000", "date": "2018-06-01T12:42:04.440Z"}}, {"model": "exchanges.price", "pk": 592, "fields": {"exchange_coin": 1, "value": "490.10000000", "date": "2018-06-01T12:44:02.055Z"}}, {"model": "exchanges.price", "pk": 593, "fields": {"exchange_coin": 2, "value": "6353.49000000", "date": "2018-06-01T12:44:02.640Z"}}, {"model": "exchanges.price", "pk": 594, "fields": {"exchange_coin": 3, "value": "0.07735000", "date": "2018-06-01T12:44:03.193Z"}}, {"model": "exchanges.price", "pk": 595, "fields": {"exchange_coin": 5, "value": "0.00779800", "date": "2018-06-01T12:44:05.304Z"}}, {"model": "exchanges.price", "pk": 596, "fields": {"exchange_coin": 1, "value": "490.10000000", "date": "2018-06-01T12:46:01.995Z"}}, {"model": "exchanges.price", "pk": 597, "fields": {"exchange_coin": 2, "value": "6353.49000000", "date": "2018-06-01T12:46:02.651Z"}}, {"model": "exchanges.price", "pk": 598, "fields": {"exchange_coin": 3, "value": "0.07735000", "date": "2018-06-01T12:46:03.211Z"}}, {"model": "exchanges.price", "pk": 599, "fields": {"exchange_coin": 5, "value": "0.00779800", "date": "2018-06-01T12:46:03.987Z"}}, {"model": "exchanges.price", "pk": 600, "fields": {"exchange_coin": 1, "value": "490.11000000", "date": "2018-06-01T12:48:01.689Z"}}, {"model": "exchanges.price", "pk": 601, "fields": {"exchange_coin": 2, "value": "6353.48000000", "date": "2018-06-01T12:48:02.370Z"}}, {"model": "exchanges.price", "pk": 602, "fields": {"exchange_coin": 3, "value": "0.07735000", "date": "2018-06-01T12:48:02.941Z"}}, {"model": "exchanges.price", "pk": 603, "fields": {"exchange_coin": 5, "value": "0.00779800", "date": "2018-06-01T12:48:04.105Z"}}, {"model": "exchanges.price", "pk": 604, "fields": {"exchange_coin": 1, "value": "490.11000000", "date": "2018-06-01T12:50:01.779Z"}}, {"model": "exchanges.price", "pk": 605, "fields": {"exchange_coin": 2, "value": "6359.10000000", "date": "2018-06-01T12:50:02.383Z"}}, {"model": "exchanges.price", "pk": 606, "fields": {"exchange_coin": 3, "value": "0.07730000", "date": "2018-06-01T12:50:02.627Z"}}, {"model": "exchanges.price", "pk": 607, "fields": {"exchange_coin": 5, "value": "0.00783000", "date": "2018-06-01T12:50:03.818Z"}}, {"model": "exchanges.price", "pk": 608, "fields": {"exchange_coin": 1, "value": "490.11000000", "date": "2018-06-01T12:52:01.536Z"}}, {"model": "exchanges.price", "pk": 609, "fields": {"exchange_coin": 2, "value": "6359.35000000", "date": "2018-06-01T12:52:01.759Z"}}, {"model": "exchanges.price", "pk": 610, "fields": {"exchange_coin": 3, "value": "0.07736000", "date": "2018-06-01T12:52:02.395Z"}}, {"model": "exchanges.price", "pk": 611, "fields": {"exchange_coin": 5, "value": "0.00783500", "date": "2018-06-01T12:52:03.718Z"}}, {"model": "exchanges.price", "pk": 612, "fields": {"exchange_coin": 1, "value": "491.99000000", "date": "2018-06-01T12:54:02.716Z"}}, {"model": "exchanges.price", "pk": 613, "fields": {"exchange_coin": 2, "value": "6367.18000000", "date": "2018-06-01T12:54:03.331Z"}}, {"model": "exchanges.price", "pk": 614, "fields": {"exchange_coin": 3, "value": "0.07742000", "date": "2018-06-01T12:54:03.935Z"}}, {"model": "exchanges.price", "pk": 615, "fields": {"exchange_coin": 5, "value": "0.00783500", "date": "2018-06-01T12:54:05.072Z"}}, {"model": "exchanges.price", "pk": 616, "fields": {"exchange_coin": 1, "value": "492.58000000", "date": "2018-06-01T12:56:02.015Z"}}, {"model": "exchanges.price", "pk": 617, "fields": {"exchange_coin": 2, "value": "6369.51000000", "date": "2018-06-01T12:56:02.593Z"}}, {"model": "exchanges.price", "pk": 618, "fields": {"exchange_coin": 3, "value": "0.07740000", "date": "2018-06-01T12:56:03.243Z"}}, {"model": "exchanges.price", "pk": 619, "fields": {"exchange_coin": 5, "value": "0.00783300", "date": "2018-06-01T12:56:05.309Z"}}, {"model": "exchanges.price", "pk": 620, "fields": {"exchange_coin": 1, "value": "492.59000000", "date": "2018-06-01T13:00:01.985Z"}}, {"model": "exchanges.price", "pk": 621, "fields": {"exchange_coin": 2, "value": "6369.51000000", "date": "2018-06-01T13:00:02.680Z"}}, {"model": "exchanges.price", "pk": 622, "fields": {"exchange_coin": 3, "value": "0.07744000", "date": "2018-06-01T13:00:03.376Z"}}, {"model": "exchanges.price", "pk": 623, "fields": {"exchange_coin": 5, "value": "0.00782700", "date": "2018-06-01T13:00:05.013Z"}}, {"model": "exchanges.price", "pk": 624, "fields": {"exchange_coin": 1, "value": "492.00000000", "date": "2018-06-01T13:30:02.004Z"}}, {"model": "exchanges.price", "pk": 625, "fields": {"exchange_coin": 2, "value": "6368.78000000", "date": "2018-06-01T13:30:02.681Z"}}, {"model": "exchanges.price", "pk": 626, "fields": {"exchange_coin": 3, "value": "0.07727000", "date": "2018-06-01T13:30:03.246Z"}}, {"model": "exchanges.price", "pk": 627, "fields": {"exchange_coin": 5, "value": "0.00783300", "date": "2018-06-01T13:30:04.525Z"}}, {"model": "exchanges.price", "pk": 628, "fields": {"exchange_coin": 1, "value": "492.45000000", "date": "2018-06-01T14:00:01.899Z"}}, {"model": "exchanges.price", "pk": 629, "fields": {"exchange_coin": 2, "value": "6369.00000000", "date": "2018-06-01T14:00:02.529Z"}}, {"model": "exchanges.price", "pk": 630, "fields": {"exchange_coin": 3, "value": "0.07734000", "date": "2018-06-01T14:00:03.213Z"}}, {"model": "exchanges.price", "pk": 631, "fields": {"exchange_coin": 5, "value": "0.00783900", "date": "2018-06-01T14:00:03.992Z"}}, {"model": "exchanges.price", "pk": 632, "fields": {"exchange_coin": 1, "value": "493.00000000", "date": "2018-06-01T14:02:47.978Z"}}, {"model": "exchanges.price", "pk": 633, "fields": {"exchange_coin": 2, "value": "6377.58000000", "date": "2018-06-01T14:02:48.592Z"}}, {"model": "exchanges.price", "pk": 634, "fields": {"exchange_coin": 3, "value": "0.07735000", "date": "2018-06-01T14:02:49.180Z"}}, {"model": "exchanges.price", "pk": 635, "fields": {"exchange_coin": 5, "value": "0.00783900", "date": "2018-06-01T14:02:50.937Z"}}, {"model": "exchanges.price", "pk": 636, "fields": {"exchange_coin": 6, "value": "0.00069954", "date": "2018-06-01T14:02:51.869Z"}}, {"model": "exchanges.price", "pk": 637, "fields": {"exchange_coin": 7, "value": "0.09455000", "date": "2018-06-01T14:02:53.066Z"}}, {"model": "exchanges.price", "pk": 638, "fields": {"exchange_coin": 8, "value": "0.00028400", "date": "2018-06-01T14:02:53.917Z"}}, {"model": "exchanges.price", "pk": 639, "fields": {"exchange_coin": 9, "value": "0.00005091", "date": "2018-06-01T14:02:54.666Z"}}, {"model": "exchanges.price", "pk": 640, "fields": {"exchange_coin": 10, "value": "0.00007604", "date": "2018-06-01T14:02:55.405Z"}}, {"model": "exchanges.price", "pk": 641, "fields": {"exchange_coin": 1, "value": "493.00000000", "date": "2018-06-01T14:30:04.578Z"}}, {"model": "exchanges.price", "pk": 642, "fields": {"exchange_coin": 2, "value": "6377.00000000", "date": "2018-06-01T14:30:08.618Z"}}, {"model": "exchanges.price", "pk": 643, "fields": {"exchange_coin": 3, "value": "0.07735000", "date": "2018-06-01T14:30:10.987Z"}}, {"model": "exchanges.price", "pk": 644, "fields": {"exchange_coin": 5, "value": "0.00782000", "date": "2018-06-01T14:30:15.514Z"}}, {"model": "exchanges.price", "pk": 645, "fields": {"exchange_coin": 6, "value": "0.00069913", "date": "2018-06-01T14:30:18.360Z"}}, {"model": "exchanges.price", "pk": 646, "fields": {"exchange_coin": 7, "value": "0.09445500", "date": "2018-06-01T14:30:21.159Z"}}, {"model": "exchanges.price", "pk": 647, "fields": {"exchange_coin": 8, "value": "0.00028396", "date": "2018-06-01T14:30:23.975Z"}}, {"model": "exchanges.price", "pk": 648, "fields": {"exchange_coin": 9, "value": "0.00005073", "date": "2018-06-01T14:30:26.764Z"}}, {"model": "exchanges.price", "pk": 649, "fields": {"exchange_coin": 10, "value": "0.00007678", "date": "2018-06-01T14:30:29.747Z"}}, {"model": "exchanges.price", "pk": 650, "fields": {"exchange_coin": 1, "value": "493.50000000", "date": "2018-06-01T15:00:01.849Z"}}, {"model": "exchanges.price", "pk": 651, "fields": {"exchange_coin": 2, "value": "6379.98000000", "date": "2018-06-01T15:00:02.427Z"}}, {"model": "exchanges.price", "pk": 652, "fields": {"exchange_coin": 3, "value": "0.07739000", "date": "2018-06-01T15:00:03.007Z"}}, {"model": "exchanges.price", "pk": 653, "fields": {"exchange_coin": 5, "value": "0.00780500", "date": "2018-06-01T15:00:04.610Z"}}, {"model": "exchanges.price", "pk": 654, "fields": {"exchange_coin": 6, "value": "0.00069802", "date": "2018-06-01T15:00:05.327Z"}}, {"model": "exchanges.price", "pk": 655, "fields": {"exchange_coin": 7, "value": "0.09385800", "date": "2018-06-01T15:00:06.487Z"}}, {"model": "exchanges.price", "pk": 656, "fields": {"exchange_coin": 8, "value": "0.00028469", "date": "2018-06-01T15:00:07.273Z"}}, {"model": "exchanges.price", "pk": 657, "fields": {"exchange_coin": 9, "value": "0.00005065", "date": "2018-06-01T15:00:08.095Z"}}, {"model": "exchanges.price", "pk": 658, "fields": {"exchange_coin": 10, "value": "0.00007693", "date": "2018-06-01T15:00:09.320Z"}}, {"model": "exchanges.price", "pk": 659, "fields": {"exchange_coin": 1, "value": "492.00000000", "date": "2018-06-01T15:30:01.986Z"}}, {"model": "exchanges.price", "pk": 660, "fields": {"exchange_coin": 2, "value": "6377.34000000", "date": "2018-06-01T15:30:02.805Z"}}, {"model": "exchanges.price", "pk": 661, "fields": {"exchange_coin": 3, "value": "0.07729000", "date": "2018-06-01T15:30:03.545Z"}}, {"model": "exchanges.price", "pk": 662, "fields": {"exchange_coin": 5, "value": "0.00781300", "date": "2018-06-01T15:30:04.443Z"}}, {"model": "exchanges.price", "pk": 663, "fields": {"exchange_coin": 6, "value": "0.00070187", "date": "2018-06-01T15:30:05.672Z"}}, {"model": "exchanges.price", "pk": 664, "fields": {"exchange_coin": 7, "value": "0.09379900", "date": "2018-06-01T15:30:06.901Z"}}, {"model": "exchanges.price", "pk": 665, "fields": {"exchange_coin": 8, "value": "0.00028580", "date": "2018-06-01T15:30:07.650Z"}}, {"model": "exchanges.price", "pk": 666, "fields": {"exchange_coin": 9, "value": "0.00005081", "date": "2018-06-01T15:30:08.416Z"}}, {"model": "exchanges.price", "pk": 667, "fields": {"exchange_coin": 10, "value": "0.00007707", "date": "2018-06-01T15:30:10.078Z"}}, {"model": "exchanges.price", "pk": 668, "fields": {"exchange_coin": 1, "value": "491.99000000", "date": "2018-06-01T16:00:02.943Z"}}, {"model": "exchanges.price", "pk": 669, "fields": {"exchange_coin": 2, "value": "6388.96000000", "date": "2018-06-01T16:00:03.759Z"}}, {"model": "exchanges.price", "pk": 670, "fields": {"exchange_coin": 3, "value": "0.07730000", "date": "2018-06-01T16:00:04.697Z"}}, {"model": "exchanges.price", "pk": 671, "fields": {"exchange_coin": 5, "value": "0.00781900", "date": "2018-06-01T16:00:05.773Z"}}, {"model": "exchanges.price", "pk": 672, "fields": {"exchange_coin": 6, "value": "0.00069909", "date": "2018-06-01T16:00:06.659Z"}}, {"model": "exchanges.price", "pk": 673, "fields": {"exchange_coin": 7, "value": "0.09313100", "date": "2018-06-01T16:00:08.167Z"}}, {"model": "exchanges.price", "pk": 674, "fields": {"exchange_coin": 8, "value": "0.00028521", "date": "2018-06-01T16:00:09.391Z"}}, {"model": "exchanges.price", "pk": 675, "fields": {"exchange_coin": 9, "value": "0.00005066", "date": "2018-06-01T16:00:10.417Z"}}, {"model": "exchanges.price", "pk": 676, "fields": {"exchange_coin": 10, "value": "0.00007766", "date": "2018-06-01T16:00:11.350Z"}}, {"model": "transactions.transactionmethod", "pk": 1, "fields": {"type": "BUY"}}, {"model": "transactions.transactionmethod", "pk": 2, "fields": {"type": "SELL"}}, {"model": "auth.permission", "pk": 1, "fields": {"name": "Can add permission", "content_type": 1, "codename": "add_permission"}}, {"model": "auth.permission", "pk": 2, "fields": {"name": "Can change permission", "content_type": 1, "codename": "change_permission"}}, {"model": "auth.permission", "pk": 3, "fields": {"name": "Can delete permission", "content_type": 1, "codename": "delete_permission"}}, {"model": "auth.permission", "pk": 4, "fields": {"name": "Can add group", "content_type": 2, "codename": "add_group"}}, {"model": "auth.permission", "pk": 5, "fields": {"name": "Can change group", "content_type": 2, "codename": "change_group"}}, {"model": "auth.permission", "pk": 6, "fields": {"name": "Can delete group", "content_type": 2, "codename": "delete_group"}}, {"model": "auth.permission", "pk": 7, "fields": {"name": "Can add user", "content_type": 3, "codename": "add_user"}}, {"model": "auth.permission", "pk": 8, "fields": {"name": "Can change user", "content_type": 3, "codename": "change_user"}}, {"model": "auth.permission", "pk": 9, "fields": {"name": "Can delete user", "content_type": 3, "codename": "delete_user"}}, {"model": "auth.permission", "pk": 10, "fields": {"name": "Can add content type", "content_type": 4, "codename": "add_contenttype"}}, {"model": "auth.permission", "pk": 11, "fields": {"name": "Can change content type", "content_type": 4, "codename": "change_contenttype"}}, {"model": "auth.permission", "pk": 12, "fields": {"name": "Can delete content type", "content_type": 4, "codename": "delete_contenttype"}}, {"model": "auth.permission", "pk": 13, "fields": {"name": "Can add session", "content_type": 5, "codename": "add_session"}}, {"model": "auth.permission", "pk": 14, "fields": {"name": "Can change session", "content_type": 5, "codename": "change_session"}}, {"model": "auth.permission", "pk": 15, "fields": {"name": "Can delete session", "content_type": 5, "codename": "delete_session"}}, {"model": "auth.permission", "pk": 16, "fields": {"name": "Can add site", "content_type": 6, "codename": "add_site"}}, {"model": "auth.permission", "pk": 17, "fields": {"name": "Can change site", "content_type": 6, "codename": "change_site"}}, {"model": "auth.permission", "pk": 18, "fields": {"name": "Can delete site", "content_type": 6, "codename": "delete_site"}}, {"model": "auth.permission", "pk": 19, "fields": {"name": "Can add log entry", "content_type": 7, "codename": "add_logentry"}}, {"model": "auth.permission", "pk": 20, "fields": {"name": "Can change log entry", "content_type": 7, "codename": "change_logentry"}}, {"model": "auth.permission", "pk": 21, "fields": {"name": "Can delete log entry", "content_type": 7, "codename": "delete_logentry"}}, {"model": "auth.permission", "pk": 22, "fields": {"name": "Can add Coin", "content_type": 8, "codename": "add_coin"}}, {"model": "auth.permission", "pk": 23, "fields": {"name": "Can change Coin", "content_type": 8, "codename": "change_coin"}}, {"model": "auth.permission", "pk": 24, "fields": {"name": "Can delete Coin", "content_type": 8, "codename": "delete_coin"}}, {"model": "auth.permission", "pk": 25, "fields": {"name": "Can add coin change", "content_type": 9, "codename": "add_coinchange"}}, {"model": "auth.permission", "pk": 26, "fields": {"name": "Can change coin change", "content_type": 9, "codename": "change_coinchange"}}, {"model": "auth.permission", "pk": 27, "fields": {"name": "Can delete coin change", "content_type": 9, "codename": "delete_coinchange"}}, {"model": "auth.permission", "pk": 28, "fields": {"name": "Can add account", "content_type": 10, "codename": "add_account"}}, {"model": "auth.permission", "pk": 29, "fields": {"name": "Can change account", "content_type": 10, "codename": "change_account"}}, {"model": "auth.permission", "pk": 30, "fields": {"name": "Can delete account", "content_type": 10, "codename": "delete_account"}}, {"model": "auth.permission", "pk": 31, "fields": {"name": "Can add user", "content_type": 11, "codename": "add_userprofile"}}, {"model": "auth.permission", "pk": 32, "fields": {"name": "Can change user", "content_type": 11, "codename": "change_userprofile"}}, {"model": "auth.permission", "pk": 33, "fields": {"name": "Can delete user", "content_type": 11, "codename": "delete_userprofile"}}, {"model": "auth.permission", "pk": 34, "fields": {"name": "Can add exchange", "content_type": 12, "codename": "add_exchange"}}, {"model": "auth.permission", "pk": 35, "fields": {"name": "Can change exchange", "content_type": 12, "codename": "change_exchange"}}, {"model": "auth.permission", "pk": 36, "fields": {"name": "Can delete exchange", "content_type": 12, "codename": "delete_exchange"}}, {"model": "auth.permission", "pk": 37, "fields": {"name": "Can add exchange coin", "content_type": 13, "codename": "add_exchangecoin"}}, {"model": "auth.permission", "pk": 38, "fields": {"name": "Can change exchange coin", "content_type": 13, "codename": "change_exchangecoin"}}, {"model": "auth.permission", "pk": 39, "fields": {"name": "Can delete exchange coin", "content_type": 13, "codename": "delete_exchangecoin"}}, {"model": "auth.permission", "pk": 40, "fields": {"name": "Can add price", "content_type": 14, "codename": "add_price"}}, {"model": "auth.permission", "pk": 41, "fields": {"name": "Can change price", "content_type": 14, "codename": "change_price"}}, {"model": "auth.permission", "pk": 42, "fields": {"name": "Can delete price", "content_type": 14, "codename": "delete_price"}}, {"model": "auth.permission", "pk": 43, "fields": {"name": "Can add Transaction", "content_type": 15, "codename": "add_transaction"}}, {"model": "auth.permission", "pk": 44, "fields": {"name": "Can change Transaction", "content_type": 15, "codename": "change_transaction"}}, {"model": "auth.permission", "pk": 45, "fields": {"name": "Can delete Transaction", "content_type": 15, "codename": "delete_transaction"}}, {"model": "auth.permission", "pk": 46, "fields": {"name": "Can add transaction method", "content_type": 16, "codename": "add_transactionmethod"}}, {"model": "auth.permission", "pk": 47, "fields": {"name": "Can change transaction method", "content_type": 16, "codename": "change_transactionmethod"}}, {"model": "auth.permission", "pk": 48, "fields": {"name": "Can delete transaction method", "content_type": 16, "codename": "delete_transactionmethod"}}, {"model": "auth.group", "pk": 1, "fields": {"name": "Master", "permissions": [19, 20, 21, 4, 5, 6, 1, 2, 3, 7, 8, 9, 22, 23, 24, 25, 26, 27, 10, 11, 12, 34, 35, 36, 37, 38, 39, 40, 41, 42, 28, 29, 30, 31, 32, 33, 13, 14, 15, 16, 17, 18, 43, 44, 45, 46, 47, 48]}}, {"model": "auth.group", "pk": 2, "fields": {"name": "Manager", "permissions": [22, 23, 24, 25, 26, 27, 34, 35, 36, 37, 38, 39, 43, 44, 45, 46, 47, 48]}}, {"model": "auth.group", "pk": 3, "fields": {"name": "Fund Invester", "permissions": []}}, {"model": "auth.user", "pk": 1, "fields": {"password": "pbkdf2_sha256$100000$O0eB5imOTUGf$GWgMZsIrpzL3/j3oYr05CJuYRT15qjNuSGt2p/b4wHg=", "last_login": "2018-05-30T16:24:33.326Z", "is_superuser": true, "username": "pedrosilva", "first_name": "Pedro", "last_name": "Silva", "email": "sir.silva.pedro@gmail.com", "is_staff": true, "is_active": true, "date_joined": "2018-05-28T15:25:52Z", "groups": [1], "user_permissions": []}}, {"model": "auth.user", "pk": 4, "fields": {"password": "pbkdf2_sha256$100000$bargYzs2X1WI$9A71blQ7OCb2Egc87ElP5DVx4f/BUKmiLjMYPNHqn1w=", "last_login": null, "is_superuser": true, "username": "pedrosilva_invester", "first_name": "Pedro", "last_name": "Silva", "email": "", "is_staff": true, "is_active": true, "date_joined": "2018-05-29T14:54:18Z", "groups": [], "user_permissions": []}}, {"model": "auth.user", "pk": 5, "fields": {"password": "pbkdf2_sha256$100000$RA8Ta8kfNhlZ$ervEpAe6kQi+1dSTKPZaRYIdjDUrf0NrrdNQZt4iioI=", "last_login": null, "is_superuser": false, "username": "user1", "first_name": "", "last_name": "", "email": "", "is_staff": false, "is_active": true, "date_joined": "2018-05-29T14:57:02Z", "groups": [3], "user_permissions": []}}, {"model": "admin.logentry", "pk": 1, "fields": {"action_time": "2018-05-30T16:32:23.135Z", "user": 1, "content_type": 15, "object_id": "2", "object_repr": "[BUY] 3.00 ETH", "action_flag": 1, "change_message": "[{\"added\": {}}]"}}, {"model": "admin.logentry", "pk": 2, "fields": {"action_time": "2018-05-30T16:41:14.370Z", "user": 1, "content_type": 15, "object_id": "2", "object_repr": "[BUY] 0.30 ETH", "action_flag": 2, "change_message": "[{\"changed\": {\"fields\": [\"n_tokens\"]}}]"}}, {"model": "admin.logentry", "pk": 3, "fields": {"action_time": "2018-05-30T16:41:52.981Z", "user": 1, "content_type": 15, "object_id": "2", "object_repr": "[BUY] 3.00 ETH", "action_flag": 2, "change_message": "[{\"changed\": {\"fields\": [\"n_tokens\"]}}]"}}, {"model": "admin.logentry", "pk": 4, "fields": {"action_time": "2018-05-30T16:42:07.551Z", "user": 1, "content_type": 15, "object_id": "2", "object_repr": "[BUY] 0.30 ETH", "action_flag": 2, "change_message": "[{\"changed\": {\"fields\": [\"n_tokens\"]}}]"}}, {"model": "admin.logentry", "pk": 5, "fields": {"action_time": "2018-05-30T16:49:30.820Z", "user": 1, "content_type": 15, "object_id": "2", "object_repr": "[BUY] 3.00 ETH", "action_flag": 2, "change_message": "[{\"changed\": {\"fields\": [\"n_tokens\"]}}]"}}, {"model": "admin.logentry", "pk": 6, "fields": {"action_time": "2018-05-30T16:51:07.954Z", "user": 1, "content_type": 15, "object_id": "2", "object_repr": "[BUY] 0.30 ETH", "action_flag": 2, "change_message": "[{\"changed\": {\"fields\": [\"n_tokens\"]}}]"}}, {"model": "admin.logentry", "pk": 7, "fields": {"action_time": "2018-05-30T16:52:08.620Z", "user": 1, "content_type": 15, "object_id": "2", "object_repr": "[BUY] 3.00 ETH", "action_flag": 2, "change_message": "[{\"changed\": {\"fields\": [\"n_tokens\"]}}]"}}, {"model": "admin.logentry", "pk": 8, "fields": {"action_time": "2018-05-30T16:53:19.416Z", "user": 1, "content_type": 15, "object_id": "4", "object_repr": "[BUY] 12.00 ETH", "action_flag": 1, "change_message": "[{\"added\": {}}]"}}, {"model": "admin.logentry", "pk": 9, "fields": {"action_time": "2018-05-30T16:53:34.947Z", "user": 1, "content_type": 15, "object_id": "4", "object_repr": "[BUY] 12.00 ETH", "action_flag": 3, "change_message": ""}}, {"model": "admin.logentry", "pk": 10, "fields": {"action_time": "2018-05-30T16:57:06.127Z", "user": 1, "content_type": 15, "object_id": "2", "object_repr": "[BUY] 0.30 ETH", "action_flag": 2, "change_message": "[{\"changed\": {\"fields\": [\"n_tokens\"]}}]"}}, {"model": "admin.logentry", "pk": 11, "fields": {"action_time": "2018-06-01T09:50:31.611Z", "user": 1, "content_type": 15, "object_id": "2", "object_repr": "[BUY] 3.00 ETH", "action_flag": 2, "change_message": "[{\"changed\": {\"fields\": [\"n_tokens\"]}}]"}}, {"model": "admin.logentry", "pk": 12, "fields": {"action_time": "2018-06-01T09:51:06.264Z", "user": 1, "content_type": 15, "object_id": "2", "object_repr": "[BUY] 0.30 ETH", "action_flag": 2, "change_message": "[{\"changed\": {\"fields\": [\"n_tokens\"]}}]"}}, {"model": "admin.logentry", "pk": 13, "fields": {"action_time": "2018-06-01T09:51:30.695Z", "user": 1, "content_type": 15, "object_id": "2", "object_repr": "[BUY] 3.00 ETH", "action_flag": 2, "change_message": "[{\"changed\": {\"fields\": [\"n_tokens\"]}}]"}}, {"model": "admin.logentry", "pk": 14, "fields": {"action_time": "2018-06-01T10:00:10.171Z", "user": 1, "content_type": 15, "object_id": "2", "object_repr": "[BUY] 0.30 ETH", "action_flag": 2, "change_message": "[{\"changed\": {\"fields\": [\"n_tokens\"]}}]"}}, {"model": "admin.logentry", "pk": 15, "fields": {"action_time": "2018-06-01T10:00:31.036Z", "user": 1, "content_type": 15, "object_id": "2", "object_repr": "[BUY] 3.00 ETH", "action_flag": 2, "change_message": "[{\"changed\": {\"fields\": [\"n_tokens\"]}}]"}}, {"model": "admin.logentry", "pk": 16, "fields": {"action_time": "2018-06-01T10:08:16.586Z", "user": 1, "content_type": 15, "object_id": "2", "object_repr": "[BUY] 0.30 ETH", "action_flag": 2, "change_message": "[{\"changed\": {\"fields\": [\"n_tokens\"]}}]"}}, {"model": "admin.logentry", "pk": 17, "fields": {"action_time": "2018-06-01T10:09:12.164Z", "user": 1, "content_type": 15, "object_id": "2", "object_repr": "[BUY] 3.00 ETH", "action_flag": 2, "change_message": "[{\"changed\": {\"fields\": [\"n_tokens\"]}}]"}}, {"model": "admin.logentry", "pk": 18, "fields": {"action_time": "2018-06-01T10:09:27.546Z", "user": 1, "content_type": 15, "object_id": "2", "object_repr": "[BUY] 0.30 ETH", "action_flag": 2, "change_message": "[{\"changed\": {\"fields\": [\"n_tokens\"]}}]"}}, {"model": "admin.logentry", "pk": 19, "fields": {"action_time": "2018-06-01T10:48:28.032Z", "user": 1, "content_type": 8, "object_id": "4", "object_repr": "Wanchain (WAN)", "action_flag": 1, "change_message": "[{\"added\": {}}]"}}, {"model": "admin.logentry", "pk": 20, "fields": {"action_time": "2018-06-01T10:48:39.084Z", "user": 1, "content_type": 9, "object_id": "5", "object_repr": "WAN/ETH", "action_flag": 1, "change_message": "[{\"added\": {}}]"}}, {"model": "admin.logentry", "pk": 21, "fields": {"action_time": "2018-06-01T10:49:00.974Z", "user": 1, "content_type": 12, "object_id": "4", "object_repr": "Binance", "action_flag": 1, "change_message": "[{\"added\": {}}]"}}, {"model": "admin.logentry", "pk": 22, "fields": {"action_time": "2018-06-01T10:49:30.333Z", "user": 1, "content_type": 13, "object_id": "5", "object_repr": "[Binance] WAN/ETH", "action_flag": 1, "change_message": "[{\"added\": {}}]"}}, {"model": "admin.logentry", "pk": 23, "fields": {"action_time": "2018-06-01T11:22:04.102Z", "user": 1, "content_type": 15, "object_id": "5", "object_repr": "[BUY] 308.00 WAN", "action_flag": 1, "change_message": "[{\"added\": {}}]"}}, {"model": "admin.logentry", "pk": 24, "fields": {"action_time": "2018-06-01T11:22:36.825Z", "user": 1, "content_type": 15, "object_id": "5", "object_repr": "[BUY] 308.00 WAN", "action_flag": 3, "change_message": ""}}, {"model": "admin.logentry", "pk": 25, "fields": {"action_time": "2018-06-01T11:23:43.454Z", "user": 1, "content_type": 15, "object_id": "6", "object_repr": "[BUY] 308.00 WAN", "action_flag": 1, "change_message": "[{\"added\": {}}]"}}, {"model": "admin.logentry", "pk": 26, "fields": {"action_time": "2018-06-01T11:24:15.473Z", "user": 1, "content_type": 15, "object_id": "6", "object_repr": "[BUY] 308.00 WAN", "action_flag": 3, "change_message": ""}}, {"model": "admin.logentry", "pk": 27, "fields": {"action_time": "2018-06-01T11:29:27.330Z", "user": 1, "content_type": 15, "object_id": "7", "object_repr": "[BUY] 308.00 WAN", "action_flag": 1, "change_message": "[{\"added\": {}}]"}}, {"model": "admin.logentry", "pk": 28, "fields": {"action_time": "2018-06-01T11:30:51.755Z", "user": 1, "content_type": 15, "object_id": "9", "object_repr": "[BUY] 1.00 ETH", "action_flag": 1, "change_message": "[{\"added\": {}}]"}}, {"model": "admin.logentry", "pk": 29, "fields": {"action_time": "2018-06-01T13:48:29.720Z", "user": 1, "content_type": 15, "object_id": "8", "object_repr": "[SELL] 0.31 ETH", "action_flag": 3, "change_message": ""}}, {"model": "admin.logentry", "pk": 30, "fields": {"action_time": "2018-06-01T13:48:29.723Z", "user": 1, "content_type": 15, "object_id": "7", "object_repr": "[BUY] 308.00 WAN", "action_flag": 3, "change_message": ""}}, {"model": "admin.logentry", "pk": 31, "fields": {"action_time": "2018-06-01T13:50:01.195Z", "user": 1, "content_type": 10, "object_id": "9", "object_repr": "Account object (9)", "action_flag": 1, "change_message": "[{\"added\": {}}]"}}, {"model": "admin.logentry", "pk": 32, "fields": {"action_time": "2018-06-01T13:50:42.573Z", "user": 1, "content_type": 10, "object_id": "8", "object_repr": "Account object (8)", "action_flag": 2, "change_message": "[{\"changed\": {\"fields\": [\"value_current\"]}}]"}}, {"model": "admin.logentry", "pk": 33, "fields": {"action_time": "2018-06-01T13:50:48.275Z", "user": 1, "content_type": 10, "object_id": "9", "object_repr": "Account object (9)", "action_flag": 2, "change_message": "[{\"changed\": {\"fields\": [\"value_current\"]}}]"}}, {"model": "admin.logentry", "pk": 34, "fields": {"action_time": "2018-06-01T13:50:56.402Z", "user": 1, "content_type": 10, "object_id": "9", "object_repr": "Account object (9)", "action_flag": 2, "change_message": "[{\"changed\": {\"fields\": [\"value_current\"]}}]"}}, {"model": "admin.logentry", "pk": 35, "fields": {"action_time": "2018-06-01T13:55:51.835Z", "user": 1, "content_type": 8, "object_id": "5", "object_repr": "Neo (NEO)", "action_flag": 1, "change_message": "[{\"added\": {}}]"}}, {"model": "admin.logentry", "pk": 36, "fields": {"action_time": "2018-06-01T13:56:07.000Z", "user": 1, "content_type": 8, "object_id": "6", "object_repr": "Bluzelle (BLZ)", "action_flag": 1, "change_message": "[{\"added\": {}}]"}}, {"model": "admin.logentry", "pk": 37, "fields": {"action_time": "2018-06-01T13:56:22.248Z", "user": 1, "content_type": 8, "object_id": "7", "object_repr": "Quantstamp (QSP)", "action_flag": 1, "change_message": "[{\"added\": {}}]"}}, {"model": "admin.logentry", "pk": 38, "fields": {"action_time": "2018-06-01T13:56:36.921Z", "user": 1, "content_type": 8, "object_id": "8", "object_repr": "Remme (REM)", "action_flag": 1, "change_message": "[{\"added\": {}}]"}}, {"model": "admin.logentry", "pk": 39, "fields": {"action_time": "2018-06-01T13:56:52.212Z", "user": 1, "content_type": 8, "object_id": "9", "object_repr": "Havven (HAV)", "action_flag": 1, "change_message": "[{\"added\": {}}]"}}, {"model": "admin.logentry", "pk": 40, "fields": {"action_time": "2018-06-01T13:57:06.535Z", "user": 1, "content_type": 8, "object_id": "10", "object_repr": "POA Network (POA)", "action_flag": 1, "change_message": "[{\"added\": {}}]"}}, {"model": "admin.logentry", "pk": 41, "fields": {"action_time": "2018-06-01T13:57:17.961Z", "user": 1, "content_type": 8, "object_id": "11", "object_repr": "Aion (AION)", "action_flag": 1, "change_message": "[{\"added\": {}}]"}}, {"model": "admin.logentry", "pk": 42, "fields": {"action_time": "2018-06-01T13:57:34.646Z", "user": 1, "content_type": 8, "object_id": "12", "object_repr": "Lendingblock (LND)", "action_flag": 1, "change_message": "[{\"added\": {}}]"}}, {"model": "admin.logentry", "pk": 43, "fields": {"action_time": "2018-06-01T13:57:47.165Z", "user": 1, "content_type": 8, "object_id": "13", "object_repr": "Oax (OAX)", "action_flag": 1, "change_message": "[{\"added\": {}}]"}}, {"model": "admin.logentry", "pk": 44, "fields": {"action_time": "2018-06-01T13:58:12.586Z", "user": 1, "content_type": 9, "object_id": "6", "object_repr": "BLZ/ETH", "action_flag": 1, "change_message": "[{\"added\": {}}]"}}, {"model": "admin.logentry", "pk": 45, "fields": {"action_time": "2018-06-01T13:58:23.614Z", "user": 1, "content_type": 9, "object_id": "7", "object_repr": "NEO/ETH", "action_flag": 1, "change_message": "[{\"added\": {}}]"}}, {"model": "admin.logentry", "pk": 46, "fields": {"action_time": "2018-06-01T13:58:30.157Z", "user": 1, "content_type": 9, "object_id": "8", "object_repr": "QSP/ETH", "action_flag": 1, "change_message": "[{\"added\": {}}]"}}, {"model": "admin.logentry", "pk": 47, "fields": {"action_time": "2018-06-01T13:58:38.110Z", "user": 1, "content_type": 9, "object_id": "9", "object_repr": "REM/ETH", "action_flag": 1, "change_message": "[{\"added\": {}}]"}}, {"model": "admin.logentry", "pk": 48, "fields": {"action_time": "2018-06-01T13:58:53.179Z", "user": 1, "content_type": 9, "object_id": "10", "object_repr": "HAV/ETH", "action_flag": 1, "change_message": "[{\"added\": {}}]"}}, {"model": "admin.logentry", "pk": 49, "fields": {"action_time": "2018-06-01T13:59:07.209Z", "user": 1, "content_type": 9, "object_id": "11", "object_repr": "POA/BTC", "action_flag": 1, "change_message": "[{\"added\": {}}]"}}, {"model": "admin.logentry", "pk": 50, "fields": {"action_time": "2018-06-01T13:59:15.135Z", "user": 1, "content_type": 9, "object_id": "12", "object_repr": "AION/ETH", "action_flag": 1, "change_message": "[{\"added\": {}}]"}}, {"model": "admin.logentry", "pk": 51, "fields": {"action_time": "2018-06-01T13:59:22.771Z", "user": 1, "content_type": 9, "object_id": "13", "object_repr": "LND/ETH", "action_flag": 1, "change_message": "[{\"added\": {}}]"}}, {"model": "admin.logentry", "pk": 52, "fields": {"action_time": "2018-06-01T13:59:33.015Z", "user": 1, "content_type": 9, "object_id": "14", "object_repr": "OAX/BTC", "action_flag": 1, "change_message": "[{\"added\": {}}]"}}, {"model": "admin.logentry", "pk": 53, "fields": {"action_time": "2018-06-01T14:00:33.074Z", "user": 1, "content_type": 13, "object_id": "6", "object_repr": "[Binance] BLZ/ETH", "action_flag": 1, "change_message": "[{\"added\": {}}]"}}, {"model": "admin.logentry", "pk": 54, "fields": {"action_time": "2018-06-01T14:00:49.362Z", "user": 1, "content_type": 13, "object_id": "7", "object_repr": "[Binance] NEO/ETH", "action_flag": 1, "change_message": "[{\"added\": {}}]"}}, {"model": "admin.logentry", "pk": 55, "fields": {"action_time": "2018-06-01T14:01:02.321Z", "user": 1, "content_type": 13, "object_id": "8", "object_repr": "[Binance] QSP/ETH", "action_flag": 1, "change_message": "[{\"added\": {}}]"}}, {"model": "admin.logentry", "pk": 56, "fields": {"action_time": "2018-06-01T14:01:19.103Z", "user": 1, "content_type": 13, "object_id": "9", "object_repr": "[Binance] POA/BTC", "action_flag": 1, "change_message": "[{\"added\": {}}]"}}, {"model": "admin.logentry", "pk": 57, "fields": {"action_time": "2018-06-01T14:01:44.587Z", "user": 1, "content_type": 13, "object_id": "10", "object_repr": "[Binance] OAX/BTC", "action_flag": 1, "change_message": "[{\"added\": {}}]"}}, {"model": "admin.logentry", "pk": 58, "fields": {"action_time": "2018-06-01T14:04:23.706Z", "user": 1, "content_type": 10, "object_id": "10", "object_repr": "Account object (10)", "action_flag": 1, "change_message": "[{\"added\": {}}]"}}, {"model": "admin.logentry", "pk": 59, "fields": {"action_time": "2018-06-01T14:05:58.894Z", "user": 1, "content_type": 15, "object_id": "13", "object_repr": "[BUY] 20.00 ETH", "action_flag": 1, "change_message": "[{\"added\": {}}]"}}, {"model": "admin.logentry", "pk": 60, "fields": {"action_time": "2018-06-01T14:07:06.982Z", "user": 1, "content_type": 15, "object_id": "15", "object_repr": "[BUY] 3.00 BTC", "action_flag": 1, "change_message": "[{\"added\": {}}]"}}, {"model": "admin.logentry", "pk": 61, "fields": {"action_time": "2018-06-01T14:08:13.955Z", "user": 1, "content_type": 15, "object_id": "17", "object_repr": "[BUY] 500.00 WAN", "action_flag": 1, "change_message": "[{\"added\": {}}]"}}, {"model": "admin.logentry", "pk": 62, "fields": {"action_time": "2018-06-01T14:09:15.248Z", "user": 1, "content_type": 15, "object_id": "19", "object_repr": "[BUY] 5000.00 BLZ", "action_flag": 1, "change_message": "[{\"added\": {}}]"}}, {"model": "admin.logentry", "pk": 63, "fields": {"action_time": "2018-06-01T14:11:06.651Z", "user": 1, "content_type": 15, "object_id": "21", "object_repr": "[BUY] 50.00 NEO", "action_flag": 1, "change_message": "[{\"added\": {}}]"}}, {"model": "admin.logentry", "pk": 64, "fields": {"action_time": "2018-06-01T14:49:01.372Z", "user": 1, "content_type": 10, "object_id": "11", "object_repr": "Account object (11)", "action_flag": 1, "change_message": "[{\"added\": {}}]"}}, {"model": "admin.logentry", "pk": 65, "fields": {"action_time": "2018-06-01T14:49:22.492Z", "user": 1, "content_type": 10, "object_id": "11", "object_repr": "Account object (11)", "action_flag": 3, "change_message": ""}}, {"model": "admin.logentry", "pk": 66, "fields": {"action_time": "2018-06-01T14:49:31.066Z", "user": 1, "content_type": 15, "object_id": "23", "object_repr": "[BUY] 5000.00 EUR", "action_flag": 3, "change_message": ""}}, {"model": "admin.logentry", "pk": 67, "fields": {"action_time": "2018-06-01T14:53:43.489Z", "user": 1, "content_type": 10, "object_id": "12", "object_repr": "Account object (12)", "action_flag": 1, "change_message": "[{\"added\": {}}]"}}, {"model": "admin.logentry", "pk": 68, "fields": {"action_time": "2018-06-01T14:55:20.036Z", "user": 1, "content_type": 10, "object_id": "12", "object_repr": "Account object (12)", "action_flag": 3, "change_message": ""}}, {"model": "admin.logentry", "pk": 69, "fields": {"action_time": "2018-06-01T15:05:52.795Z", "user": 1, "content_type": 15, "object_id": "24", "object_repr": "[BUY] 4000.00 EUR", "action_flag": 3, "change_message": ""}}, {"model": "admin.logentry", "pk": 70, "fields": {"action_time": "2018-06-01T15:06:09.999Z", "user": 1, "content_type": 10, "object_id": "8", "object_repr": "Account object (8)", "action_flag": 2, "change_message": "[{\"changed\": {\"fields\": [\"value_current\"]}}]"}}, {"model": "admin.logentry", "pk": 71, "fields": {"action_time": "2018-06-01T15:06:19.073Z", "user": 1, "content_type": 10, "object_id": "9", "object_repr": "Account object (9)", "action_flag": 2, "change_message": "[{\"changed\": {\"fields\": [\"value_current\"]}}]"}}, {"model": "admin.logentry", "pk": 72, "fields": {"action_time": "2018-06-01T15:06:32.902Z", "user": 1, "content_type": 10, "object_id": "10", "object_repr": "Account object (10)", "action_flag": 2, "change_message": "[{\"changed\": {\"fields\": [\"value_current\"]}}]"}}, {"model": "admin.logentry", "pk": 73, "fields": {"action_time": "2018-06-01T15:06:55.674Z", "user": 1, "content_type": 10, "object_id": "13", "object_repr": "Account object (13)", "action_flag": 1, "change_message": "[{\"added\": {}}]"}}, {"model": "admin.logentry", "pk": 74, "fields": {"action_time": "2018-06-01T15:07:20.185Z", "user": 1, "content_type": 10, "object_id": "14", "object_repr": "Account object (14)", "action_flag": 1, "change_message": "[{\"added\": {}}]"}}, {"model": "admin.logentry", "pk": 75, "fields": {"action_time": "2018-06-01T15:09:06.505Z", "user": 1, "content_type": 15, "object_id": "26", "object_repr": "[BUY] 1000.00 EUR", "action_flag": 3, "change_message": ""}}, {"model": "admin.logentry", "pk": 76, "fields": {"action_time": "2018-06-01T15:09:06.508Z", "user": 1, "content_type": 15, "object_id": "25", "object_repr": "[BUY] 4000.00 EUR", "action_flag": 3, "change_message": ""}}, {"model": "admin.logentry", "pk": 77, "fields": {"action_time": "2018-06-01T15:09:25.604Z", "user": 1, "content_type": 10, "object_id": "14", "object_repr": "Account object (14)", "action_flag": 3, "change_message": ""}}, {"model": "admin.logentry", "pk": 78, "fields": {"action_time": "2018-06-01T15:09:25.606Z", "user": 1, "content_type": 10, "object_id": "13", "object_repr": "Account object (13)", "action_flag": 3, "change_message": ""}}, {"model": "admin.logentry", "pk": 79, "fields": {"action_time": "2018-06-01T16:13:29.398Z", "user": 1, "content_type": 10, "object_id": "10", "object_repr": "Account object (10)", "action_flag": 2, "change_message": "[{\"changed\": {\"fields\": [\"fee\"]}}]"}}, {"model": "admin.logentry", "pk": 80, "fields": {"action_time": "2018-06-01T16:26:14.183Z", "user": 1, "content_type": 12, "object_id": "5", "object_repr": "Kucoin", "action_flag": 1, "change_message": "[{\"added\": {}}]"}}, {"model": "people.account", "pk": 8, "fields": {"user": 1, "value_invested": 1000.0, "fee": 0, "contract_duration": "UNLIMITED", "start_date": "2018-06-01", "value_current": 1722.7121348837209, "updated_at": "2018-06-01T16:12:11.579Z"}}, {"model": "people.account", "pk": 9, "fields": {"user": 4, "value_invested": 500.0, "fee": 0, "contract_duration": "UNLIMITED", "start_date": "2018-06-01", "value_current": 861.3560674418604, "updated_at": "2018-06-01T16:12:11.583Z"}}, {"model": "people.account", "pk": 10, "fields": {"user": 5, "value_invested": 20000.0, "fee": 10, "contract_duration": "1_YEAR", "start_date": "2018-06-01", "value_current": 34454.242697674425, "updated_at": "2018-06-01T16:13:29.397Z"}}, {"model": "transactions.transaction", "pk": 1, "fields": {"transaction_method": 1, "exchange_coin": 4, "user": 1, "price_per_token": "1.0000000000", "n_tokens": "1000.00000000", "fees": "0.00", "date": "2018-05-30T16:24:23.428Z", "sync": false, "synced_transaction": null}}, {"model": "transactions.transaction", "pk": 2, "fields": {"transaction_method": 1, "exchange_coin": 1, "user": 1, "price_per_token": "261.0000000000", "n_tokens": "0.30000000", "fees": "0.00", "date": "2018-05-30T16:31:23Z", "sync": true, "synced_transaction": 3}}, {"model": "transactions.transaction", "pk": 3, "fields": {"transaction_method": 2, "exchange_coin": 4, "user": 1, "price_per_token": "1.0000000000", "n_tokens": "78.30000000", "fees": "0.00", "date": "2018-05-30T16:32:23.133Z", "sync": false, "synced_transaction": 2}}, {"model": "transactions.transaction", "pk": 9, "fields": {"transaction_method": 1, "exchange_coin": 1, "user": 1, "price_per_token": "261.0000000000", "n_tokens": "1.00000000", "fees": "0.00", "date": "2018-06-01T11:30:49Z", "sync": true, "synced_transaction": 10}}, {"model": "transactions.transaction", "pk": 10, "fields": {"transaction_method": 2, "exchange_coin": 4, "user": 1, "price_per_token": "1.0000000000", "n_tokens": "261.00000000", "fees": "0.00", "date": "2018-06-01T11:30:51.751Z", "sync": false, "synced_transaction": null}}, {"model": "transactions.transaction", "pk": 11, "fields": {"transaction_method": 1, "exchange_coin": 4, "user": 1, "price_per_token": "1.0000000000", "n_tokens": "500.00000000", "fees": "0.00", "date": "2018-06-01T13:50:01.194Z", "sync": false, "synced_transaction": null}}, {"model": "transactions.transaction", "pk": 12, "fields": {"transaction_method": 1, "exchange_coin": 4, "user": 1, "price_per_token": "1.0000000000", "n_tokens": "20000.00000000", "fees": "0.00", "date": "2018-06-01T14:04:23.705Z", "sync": false, "synced_transaction": null}}, {"model": "transactions.transaction", "pk": 13, "fields": {"transaction_method": 1, "exchange_coin": 1, "user": 1, "price_per_token": "261.0000000000", "n_tokens": "20.00000000", "fees": "0.00", "date": "2018-06-01T14:05:56Z", "sync": true, "synced_transaction": 14}}, {"model": "transactions.transaction", "pk": 14, "fields": {"transaction_method": 2, "exchange_coin": 4, "user": 1, "price_per_token": "1.0000000000", "n_tokens": "5220.00000000", "fees": "0.00", "date": "2018-06-01T14:05:58.891Z", "sync": false, "synced_transaction": null}}, {"model": "transactions.transaction", "pk": 15, "fields": {"transaction_method": 1, "exchange_coin": 2, "user": 1, "price_per_token": "3400.0000000000", "n_tokens": "3.00000000", "fees": "0.00", "date": "2018-06-01T14:06:50Z", "sync": true, "synced_transaction": 16}}, {"model": "transactions.transaction", "pk": 16, "fields": {"transaction_method": 2, "exchange_coin": 4, "user": 1, "price_per_token": "1.0000000000", "n_tokens": "10200.00000000", "fees": "0.00", "date": "2018-06-01T14:07:06.979Z", "sync": false, "synced_transaction": null}}, {"model": "transactions.transaction", "pk": 17, "fields": {"transaction_method": 1, "exchange_coin": 5, "user": 1, "price_per_token": "0.0011000000", "n_tokens": "500.00000000", "fees": "0.00", "date": "2018-06-01T14:08:12Z", "sync": true, "synced_transaction": 18}}, {"model": "transactions.transaction", "pk": 18, "fields": {"transaction_method": 2, "exchange_coin": 1, "user": 1, "price_per_token": "467.0000000000", "n_tokens": "0.55000000", "fees": "0.00", "date": "2018-06-01T14:08:13.951Z", "sync": false, "synced_transaction": null}}, {"model": "transactions.transaction", "pk": 19, "fields": {"transaction_method": 1, "exchange_coin": 6, "user": 1, "price_per_token": "0.0001100000", "n_tokens": "5000.00000000", "fees": "0.00", "date": "2018-06-01T14:09:10Z", "sync": true, "synced_transaction": 20}}, {"model": "transactions.transaction", "pk": 20, "fields": {"transaction_method": 2, "exchange_coin": 1, "user": 1, "price_per_token": "467.0000000000", "n_tokens": "0.55000000", "fees": "0.00", "date": "2018-06-01T14:09:15.243Z", "sync": false, "synced_transaction": null}}, {"model": "transactions.transaction", "pk": 21, "fields": {"transaction_method": 1, "exchange_coin": 7, "user": 1, "price_per_token": "0.1190000000", "n_tokens": "50.00000000", "fees": "0.00", "date": "2018-06-01T14:11:03Z", "sync": true, "synced_transaction": 22}}, {"model": "transactions.transaction", "pk": 22, "fields": {"transaction_method": 2, "exchange_coin": 1, "user": 1, "price_per_token": "467.0000000000", "n_tokens": "5.95000000", "fees": "0.00", "date": "2018-06-01T14:11:06.647Z", "sync": false, "synced_transaction": null}}]